고객해시,첫방문일,최근방문일,방문횟수,누적결제액,식별채널
c0000003b64,2026-03-06,2026-08-31,3,77900,멤버십
c377a4fe641,2026-03-30,2026-03-30,1,24300,멤버십
c6ef49e216a,2026-05-22,2026-05-22,1,26700,배달재주문
ca66eed73b8,2025-10-01,2026-02-15,3,68600,예약
cdde93c8a40,2026-01-13,2026-01-13,1,25900,배달재주문
c15638cf970,2026-06-26,2026-06-26,1,23100,POS회원
c4cdddb7300,2026-01-16,2026-01-16,1,28900,멤버십
c84582ae038,2025-10-31,2025-10-31,1,25800,멤버십
cbbd27924de,2026-03-24,2026-03-24,1,22900,멤버십
cf34cc8e256,2025-09-13,2025-10-22,3,79900,POS회원
c2ac718052b,2025-11-17,2025-11-17,1,26700,멤버십
c6241679798,2026-05-04,2026-05-04,1,21300,배달재주문
c99bbb6dac6,2025-09-08,2025-09-08,1,28400,POS회원
cd1360557d6,2026-06-18,2026-06-18,1,22900,배달재주문
c08b055d89d,2025-10-13,2026-03-29,6,118500,배달재주문
c402aa4758c,2026-07-24,2026-07-24,1,22800,예약
c77a4f3b919,2026-04-14,2026-04-14,1,28700,배달재주문
caf1f422868,2026-04-24,2026-04-24,1,23800,예약
ce69991b090,2026-07-04,2026-07-04,1,22700,멤버십
c1e13e1b437,2025-10-15,2025-10-15,1,21100,멤버십
c558e307abf,2026-07-20,2026-08-31,2,50200,배달재주문
c8d087fe194,2026-04-02,2026-04-02,1,19200,POS회원
cc482ced5de,2026-04-27,2026-04-27,1,24500,멤버십
cfbfd1d23f7,2026-07-20,2026-07-20,1,25000,멤버십
c33776d6936,2026-03-08,2026-03-08,1,19200,POS회원
c6af1bcbab5,2025-09-04,2025-09-04,1,21600,배달재주문
ca26c0bfad4,2025-09-25,2025-09-25,1,20500,예약
cd9e65af5c2,2026-04-30,2026-05-11,8,172000,예약
c1160aa29a5,2025-11-09,2025-11-09,1,27200,예약
c48daf9b28e,2025-09-10,2025-09-10,1,22300,예약
c805548263d,2026-03-04,2026-03-04,1,20200,배달재주문
cb7cf97204f,2025-09-23,2026-06-05,3,68200,예약
cef49e66d88,2026-01-14,2026-01-14,1,22900,예약
c26c4364d1f,2025-12-15,2025-12-15,1,27400,배달재주문
c5e3e8594a8,2025-11-17,2025-11-17,1,28300,예약
c95b8d408c5,2026-01-13,2026-03-28,7,142600,배달재주문
ccd3323841f,2026-03-17,2026-07-17,6,142200,예약
c04ad73de4e,2026-04-13,2026-04-13,1,27200,멤버십
c3c27c2ee07,2026-02-28,2026-02-28,1,27300,배달재주문
c73a2113d1b,2026-01-20,2026-01-20,1,21600,배달재주문
cab1c60f7fc,2025-10-05,2025-10-05,1,25700,예약
ce296af0627,2025-09-25,2025-09-25,1,21800,배달재주문
c1a10fffa3c,2025-10-08,2025-10-08,1,21200,예약
c518b4e4ed0,2026-06-04,2026-06-04,1,23600,멤버십
c89059d8e82,2026-03-12,2026-03-12,1,19500,예약
cc07feccaf2,2026-02-15,2026-08-31,8,227500,예약
cf7fa3bb31b,2025-09-10,2025-09-10,1,22500,예약
c2f748b2c58,2025-10-01,2025-10-01,1,23400,예약
c66eeda57f4,2026-01-18,2026-08-31,5,142300,멤버십
c9e69290d22,2026-03-27,2026-03-27,1,23100,POS회원
cd5e3786c2c,2025-09-01,2025-09-01,1,21100,멤버십
c0d5dc8e159,2026-05-12,2026-07-02,8,155700,배달재주문
c44d8174335,2026-04-26,2026-04-26,1,20500,배달재주문
c7c5266ca26,2025-10-18,2025-10-18,1,23300,POS회원
cb3ccb5b756,2025-12-01,2025-12-01,1,20900,예약
ceb47044cb9,2026-06-04,2026-06-04,1,27900,배달재주문
c22c154bf9e,2025-12-11,2025-12-11,1,25800,멤버십
c5a3ba33654,2026-06-09,2026-06-09,1,20600,예약
c91b5f2c2b8,2026-06-25,2026-06-25,1,19200,예약
cc93041422e,2026-05-29,2026-08-31,2,46900,POS회원
c00aa9107a6,2026-02-14,2026-03-05,8,183800,멤버십
c3824e09c4f,2026-05-26,2026-05-26,1,28900,POS회원
c6f9f2f66c9,2026-01-13,2026-08-23,7,195200,멤버십
ca7197e4ca8,2026-03-02,2026-03-04,3,69500,예약
cde93cdb979,2026-03-18,2026-03-18,1,23000,멤버십
c160e1d210e,2025-10-18,2025-10-18,1,21500,예약
c4d886c5ba8,2025-09-16,2025-09-16,1,20800,POS회원
c8502bb7748,2026-04-03,2026-04-03,1,23000,배달재주문
cbc7d0a6752,2026-03-28,2026-08-31,8,221900,배달재주문
cf3f759fa3f,2025-10-16,2025-10-16,1,22000,예약
c2b71a962e2,2025-11-09,2025-11-09,1,24100,예약
c62ebf83ceb,2026-05-14,2026-08-22,8,188100,POS회원
c9a66479a95,2025-09-09,2025-09-09,1,19000,POS회원
cd1e096f994,2026-04-15,2026-04-15,1,22400,멤버십
c095ae645ec,2025-10-19,2026-01-26,7,158600,배달재주문
c40d535f64e,2026-07-20,2026-07-20,1,21800,멤버십
c784f841f6d,2026-04-26,2026-07-30,6,122300,POS회원
cafc9d35a61,2026-05-09,2026-05-09,1,28900,POS회원
ce74422bdc3,2025-11-12,2026-06-30,5,105400,배달재주문
c1ebe72e49b,2026-02-02,2026-02-02,1,27500,예약
c5638c16ac0,2025-09-27,2025-09-27,1,28800,예약
c8db3102c2c,2025-10-06,2025-12-08,5,117500,POS회원
cc52d5f3c93,2026-06-15,2026-06-15,1,22000,배달재주문
cfca7aec5ea,2025-11-24,2025-11-24,1,22200,멤버십
c3421fe1be5,2026-07-02,2026-08-31,3,70500,배달재주문
c6b9c4d27f1,2026-06-19,2026-06-19,1,22600,멤버십
ca3169c897f,2026-04-22,2026-04-22,1,25600,배달재주문
cda90ebd1b1,2025-09-04,2026-02-16,3,60700,예약
c120b3bdbd4,2026-05-05,2026-05-05,1,22100,예약
c49858a6972,2025-10-18,2025-10-18,1,23000,예약
c80ffd90431,2025-09-28,2025-09-28,1,25400,POS회원
cb87a287591,2026-02-05,2026-02-05,1,20800,예약
ceff4778537,2026-04-27,2026-04-27,1,23800,예약
c276ec77b14,2026-03-18,2026-08-31,4,80600,멤버십
c5ee9163887,2026-01-27,2026-08-31,8,155400,배달재주문
c966365ceca,2026-03-07,2026-03-07,1,26400,예약
ccdddb4cedf,2026-06-21,2026-06-21,1,22900,멤버십
c055804306a,2026-02-13,2026-02-13,1,23600,배달재주문
c3cd253de44,2025-09-23,2025-09-23,1,23400,배달재주문
c744ca205ac,2025-12-12,2025-12-12,1,26500,배달재주문
cabc6f1fe6e,2025-12-12,2025-12-12,1,28000,POS회원
ce3414040bc,2025-11-05,2025-11-05,1,27500,배달재주문
c1abb90fca2,2025-11-22,2025-11-22,1,20200,배달재주문
c5235dfb742,2026-02-05,2026-02-05,1,19500,멤버십
c89b02edb03,2026-07-03,2026-07-03,1,25300,예약
cc12a7dfc01,2025-10-11,2025-10-11,1,24400,예약
cf8a4ccc326,2025-12-05,2025-12-05,1,26800,배달재주문
c301f1c0626,2026-03-16,2026-03-16,1,26600,배달재주문
c67996bb75c,2025-09-11,2025-09-11,1,23900,멤버십
c9f13ba2f07,2026-06-29,2026-08-31,5,126000,예약
cd68e096762,2026-03-02,2026-03-02,1,20700,멤버십
c0e08599935,2025-09-25,2026-03-20,4,105800,예약
c4582a8d6c4,2026-07-27,2026-07-27,1,19600,POS회원
c7cfcf7ce65,2025-12-08,2025-12-08,1,23200,배달재주문
cb47746e664,2025-12-21,2025-12-21,1,28700,POS회원
cebf19532ff,2026-06-20,2026-06-20,1,26700,POS회원
c236be52a56,2026-06-01,2026-08-31,2,44500,POS회원
c5ae6343599,2026-02-09,2026-02-09,1,19400,예약
c92608330bb,2026-03-16,2026-05-09,7,190400,POS회원
cc9dad25e16,2026-04-11,2026-04-11,1,20700,예약
c015522f3f0,2026-04-14,2026-04-14,1,28700,배달재주문
c38cf7191c4,2025-10-16,2026-01-24,6,164900,배달재주문
c7049c0f910,2026-05-04,2026-05-04,1,19100,예약
ca7c40fed6d,2026-03-14,2026-03-14,1,19600,배달재주문
cdf3e5e4dc0,2026-03-08,2026-08-31,8,181100,배달재주문
c16b8aeaf0e,2026-05-05,2026-05-05,1,28100,POS회원
c4e32fd88b9,2025-12-29,2026-02-18,7,165700,예약
c85ad4c9a16,2026-04-26,2026-04-26,1,28400,POS회원
cbd279b1b95,2026-04-21,2026-08-31,4,108000,배달재주문
cf4a1eadb0b,2026-02-17,2026-02-17,1,19800,멤버십
c2c1c3a8f18,2025-09-23,2026-02-15,7,147400,멤버십
c6396890379,2025-09-09,2026-05-11,6,155000,배달재주문
c9b10d812ef,2026-04-04,2026-04-04,1,25700,POS회원
cd28b27523d,2026-07-09,2026-07-09,1,21200,멤버십
c0a0577d42a,2025-12-29,2026-05-25,8,194800,배달재주문
c417fc6ea25,2025-12-05,2026-08-31,2,38900,POS회원
c78fa159edb,2025-09-07,2026-05-30,6,127100,예약
cb074644432,2025-12-11,2026-04-10,4,78900,멤버십
ce7eeb34ba2,2026-03-14,2026-08-31,7,177200,POS회원
c1f6903aaba,2026-06-25,2026-06-25,1,23300,POS회원
c56e352592b,2025-11-11,2025-11-11,1,19500,예약
c8e5da199b6,2026-05-21,2026-05-21,1,22600,멤버십
cc5d7f0f327,2025-10-13,2025-10-13,1,25600,배달재주문
cfd523f5242,2025-10-24,2026-03-18,4,99200,배달재주문
c34cc8f91eb,2026-06-09,2026-06-09,1,26800,멤버십
c6c46de7ca8,2026-01-02,2026-02-16,6,172600,멤버십
ca3c12d0531,2026-03-26,2026-08-31,5,130800,예약
cdb3b7c1936,2026-05-25,2026-05-25,1,25100,멤버십
c12b5cc3889,2026-06-12,2026-06-12,1,21900,배달재주문
c4a301bb4d7,2026-01-23,2026-03-18,2,49700,배달재주문
c81aa6a77c2,2026-07-08,2026-07-08,1,21800,배달재주문
cb924b9da35,2026-04-29,2026-08-14,6,122100,예약
cf09f08f742,2026-03-28,2026-03-28,1,20900,배달재주문
c281958ddb0,2025-09-30,2025-09-30,1,19100,POS회원
c5f93a7e0d3,2025-11-02,2025-11-02,1,19200,예약
c970df6d6b6,2025-12-05,2025-12-05,1,26900,예약
cce8845a957,2026-02-06,2026-07-24,3,62500,POS회원
c060295d392,2026-04-30,2026-04-30,1,27200,POS회원
c3d7ce4dea6,2026-05-01,2026-08-31,7,163100,예약
c74f73355b0,2026-01-04,2026-01-04,1,25100,배달재주문
cac71820114,2026-03-15,2026-03-15,1,20100,멤버십
ce3ebd1d2a2,2025-10-21,2025-10-21,1,29000,배달재주문
c1b66210871,2025-11-07,2026-08-20,3,80500,배달재주문
c52e0702c05,2025-09-17,2025-11-23,8,192300,예약
c8a5abf0295,2026-04-24,2026-08-31,2,41500,POS회원
cc1d50e9ada,2025-12-04,2026-04-27,3,75100,POS회원
cf94f5de094,2026-05-11,2026-05-11,1,23700,멤버십
c30c9ad1e03,2026-04-30,2026-04-30,1,19700,POS회원
c6843fc6ed6,2026-01-27,2026-01-27,1,26300,배달재주문
c9fbe4b8e9b,2025-12-21,2025-12-21,1,23200,예약
cd7389a1625,2026-07-22,2026-07-22,1,19800,POS회원
c0eb2ea90c4,2025-12-27,2025-12-27,3,64000,예약
c462d397302,2025-12-14,2025-12-14,1,28900,배달재주문
c7da788fa51,2025-10-31,2025-10-31,1,25300,예약
cb521d703ad,2026-02-28,2026-02-28,1,27700,배달재주문
cec9c26cb13,2025-11-08,2025-11-08,1,28500,POS회원
c241676836e,2026-05-21,2026-05-21,1,19200,배달재주문
c5b90c5bf94,2025-10-21,2025-10-21,1,20700,배달재주문
c930b1422c1,2026-06-29,2026-08-31,5,127100,배달재주문
cca8563914a,2026-03-11,2026-08-31,6,140800,배달재주문
c01ffb37ea3,2025-10-18,2026-01-02,6,165600,배달재주문
c397a022dd3,2025-12-06,2025-12-06,1,22500,예약
c70f4517428,2026-04-13,2026-08-20,8,169500,배달재주문
ca86ea0fcc8,2026-03-06,2026-03-23,7,160400,예약
cdfe8ef362b,2026-02-17,2026-02-17,1,25300,POS회원
c17633fbbc3,2026-01-03,2026-01-03,1,22300,멤버십
c4edd8e62c6,2025-12-19,2025-12-19,1,20700,멤버십
c8657dda3a4,2026-04-20,2026-06-16,3,86300,멤버십
cbdd22cd1f3,2026-02-16,2026-04-01,6,150600,POS회원
cf54c7be723,2025-10-20,2025-10-20,1,20200,멤버십
c2cc6cb9f5b,2026-07-02,2026-07-02,1,27100,멤버십
c64411a606f,2026-03-12,2026-03-12,1,23800,배달재주문
c9bbb69bbe2,2026-07-17,2026-08-31,7,163000,예약
cd335b8eb5f,2026-06-30,2026-06-30,1,23000,예약
c0ab00845a3,2026-03-03,2026-08-31,4,83900,POS회원
c422a573971,2025-12-10,2025-12-10,1,24000,멤버십
c79a4a69d9f,2025-09-27,2025-09-27,1,27300,POS회원
cb11ef5e27f,2025-11-23,2025-11-23,1,23200,배달재주문
ce89944df53,2026-03-05,2026-08-31,7,165800,POS회원
c201394de4a,2025-11-01,2025-11-01,1,22700,POS회원
c578de34362,2026-07-22,2026-07-22,1,28100,배달재주문
c8f0832fa2f,2025-09-07,2025-09-07,1,20900,POS회원
cc68281effb,2026-01-21,2026-08-31,3,73500,배달재주문
cfdfcd059f8,2026-04-05,2026-04-05,1,19100,예약
c3577208427,2025-09-24,2025-09-24,1,27100,POS회원
c6cf16fad7f,2025-10-23,2025-10-23,1,20300,배달재주문
ca46bbe8329,2026-03-15,2026-08-20,6,149400,멤버십
cdbe60d3d2a,2026-06-22,2026-06-22,1,23300,POS회원
c13605d6ad5,2025-09-08,2025-09-08,1,19900,배달재주문
c4adaace109,2026-02-08,2026-08-31,6,131900,POS회원
c8254fba938,2026-05-03,2026-05-03,1,23600,POS회원
cb9cf4a5956,2025-09-19,2025-09-19,1,28600,POS회원
cf149994d87,2026-03-04,2026-06-25,8,212700,POS회원
c28c3e9de0a,2025-12-04,2025-12-04,1,24800,POS회원
c603e381e88,2026-01-31,2026-05-21,8,182300,POS회원
c97b887f042,2026-01-28,2026-08-31,8,198800,예약
ccf32d648c3,2026-06-25,2026-08-31,6,128300,멤버십
c06ad267d79,2026-01-28,2026-01-28,1,28800,멤버십
c3e2775debc,2026-07-20,2026-08-31,8,170100,예약
c75a1c42b47,2025-11-29,2025-11-29,1,25900,배달재주문
cad1c136739,2026-04-11,2026-04-11,1,19500,배달재주문
ce49662349e,2026-07-03,2026-07-03,1,22300,예약
c1c10b2d9ae,2026-04-24,2026-04-24,1,25500,배달재주문
c538b01ffe3,2026-02-19,2026-02-19,1,27600,배달재주문
c8b0550ebe4,2025-10-24,2025-10-24,1,19100,멤버십
cc27f9f58a5,2025-12-08,2026-08-11,6,117400,POS회원
cf9f9eea1fe,2025-10-09,2026-05-23,6,145800,멤버십
c31743e2510,2025-10-02,2025-10-02,1,27900,예약
c68ee8df255,2025-10-31,2025-10-31,1,23600,배달재주문
ca068dccacd,2025-09-30,2025-09-30,1,25000,예약
cd7e32b73f7,2026-03-17,2026-03-17,1,19800,멤버십
c0f5d7b1080,2025-12-13,2025-12-13,1,27600,예약
c46d7ca3959,2026-04-02,2026-06-12,5,96200,배달재주문
c7e521914d7,2026-01-25,2026-01-25,1,26500,POS회원
cb5cc681ae3,2026-05-19,2026-05-19,1,28200,배달재주문
ced46b7d585,2025-12-31,2025-12-31,1,19400,멤버십
c24c10704ad,2025-10-05,2026-06-19,7,158200,배달재주문
c5c3b567ea6,2025-09-04,2025-09-04,1,25800,배달재주문
c93b5a5c006,2025-09-26,2025-09-26,1,23700,POS회원
ccb2ff43f6a,2026-07-06,2026-07-06,1,25300,배달재주문
c02aa449966,2026-05-08,2026-05-08,1,22000,POS회원
c3a2493c711,2025-11-25,2025-11-25,1,27600,예약
c719ee22ce1,2026-05-30,2026-05-30,1,25800,배달재주문
ca9193139cf,2026-07-05,2026-08-10,6,160800,배달재주문
ce09380a810,2025-12-12,2025-12-12,1,21300,배달재주문
c180dd03618,2025-12-23,2026-07-01,5,117800,POS회원
c4f881fd68f,2026-02-28,2026-04-13,5,102300,배달재주문
c87026eb83e,2026-07-11,2026-07-11,1,20200,멤버십
cbe7cbd9140,2026-05-19,2026-05-19,1,24400,배달재주문
cf5f70cc468,2025-12-08,2025-12-08,1,23500,멤버십
c2d715cd54c,2026-03-17,2026-03-17,1,26400,멤버십
c64ebabffbd,2026-01-14,2026-02-18,5,103000,POS회원
c9c65fa1976,2025-11-04,2025-11-04,1,26200,배달재주문
cd3e0493ec2,2025-10-24,2025-10-24,1,20900,POS회원
c0b5a995ab1,2026-04-13,2026-08-31,9,231100,POS회원
c42d4e8bb05,2026-02-09,2026-02-09,1,21900,배달재주문
c7a4f37d1ae,2026-05-25,2026-05-25,1,28400,예약
cb1c9865183,2026-04-19,2026-04-19,1,24300,POS회원
ce943d51f30,2026-06-15,2026-06-15,1,28900,배달재주문
c20be253629,2026-04-17,2026-04-17,1,24700,예약
c5838740a90,2025-12-03,2026-05-16,7,175700,예약
c8fb2c37761,2026-07-02,2026-07-02,1,26600,POS회원
cc72d12f757,2025-11-04,2025-11-04,1,26300,예약
cfea761dd97,2026-01-31,2026-01-31,1,26200,예약
c3621b15446,2026-05-10,2026-05-10,1,23800,예약
c6d9c003dac,2025-10-20,2025-10-20,1,28700,예약
ca5164fdeaa,2026-03-13,2026-08-31,7,153200,POS회원
cdc909e42b0,2026-05-19,2026-07-27,5,141000,배달재주문
c140aee52d0,2026-01-05,2026-08-31,6,154500,멤버십
c4b853d3ba3,2025-12-22,2025-12-22,1,20800,멤버십
c82ff8c67dd,2025-11-01,2026-08-14,7,150300,배달재주문
cba79dbdc31,2025-12-22,2025-12-22,1,20300,예약
cf1f42a7f86,2025-09-04,2025-09-04,1,23800,멤버십
c296e7a4d87,2026-04-14,2026-04-26,8,228500,배달재주문
c60e8c9f462,2026-01-29,2026-01-29,1,24400,멤버십
c98631894b2,2026-03-06,2026-03-06,1,24000,POS회원
ccfdd6792ad,2026-01-03,2026-02-28,8,159000,예약
c0757b73936,2025-09-07,2025-09-07,1,21700,배달재주문
c3ed2062aa2,2026-07-20,2026-08-31,3,58800,멤버십
c764c55317f,2026-04-14,2026-04-14,1,20600,멤버십
cadc6a4ad36,2026-05-01,2026-05-01,1,21600,예약
ce540f350e9,2026-01-06,2026-01-06,1,23000,예약
c1cbb435516,2026-01-31,2026-08-30,4,98400,POS회원
c54359256a2,2026-04-27,2026-08-31,4,115000,예약
c8bafe12263,2025-10-02,2026-07-24,5,130100,배달재주문
cc32a304db9,2026-07-02,2026-07-02,1,20300,예약
cfaa47f699d,2025-09-15,2025-09-15,1,25900,예약
c321ecfeb7d,2026-02-17,2026-02-17,1,25600,배달재주문
c69991e485f,2026-03-30,2026-03-30,1,23900,POS회원
ca1136d28eb,2025-11-01,2025-11-01,1,23400,POS회원
cd88dbc0c1b,2025-11-02,2025-11-02,1,20700,배달재주문
c10080c7606,2026-06-23,2026-06-23,1,28900,배달재주문
c47825b3f46,2026-01-09,2026-01-09,1,21100,POS회원
c7efcaaad80,2026-06-19,2026-08-31,6,115300,POS회원
cb676f9002f,2026-04-12,2026-04-12,1,20400,예약
cedf1488447,2026-02-09,2026-04-16,2,45800,POS회원
c256b9813c3,2026-01-01,2026-02-25,8,212400,POS회원
c5ce5e7c1b7,2026-02-08,2026-02-08,1,26400,배달재주문
c946036e67a,2026-01-25,2026-01-25,1,24400,예약
ccbda85177e,2026-05-05,2026-05-05,1,20800,POS회원
c0354d54363,2026-04-23,2026-04-23,1,24700,예약
c3acf24d6f1,2025-10-08,2026-02-09,8,199200,배달재주문
c72497334ae,2025-12-04,2025-12-04,1,21500,예약
ca9c3c262c2,2025-11-13,2026-06-21,7,160600,POS회원
ce13e11fdb4,2026-03-02,2026-08-25,2,43900,예약
c18b86100cc,2025-12-18,2026-07-22,5,128900,POS회원
c5032b042c6,2025-10-21,2025-10-21,1,26200,POS회원
c87acffbb1d,2026-03-04,2026-08-31,3,82500,예약
cbf274e3181,2026-07-15,2026-07-15,1,23000,예약
cf6a19d283d,2026-04-22,2026-04-22,1,25700,멤버십
c2e1bed9998,2025-09-14,2026-01-01,5,118200,예약
c65963c8232,2025-10-19,2025-10-19,1,20400,예약
c9d108bade1,2026-04-08,2026-08-31,3,73700,POS회원
cd48ada3a51,2026-05-17,2026-05-17,1,28700,멤버십
c0c052ac127,2026-03-23,2026-03-23,1,28600,멤버십
c437f79fe68,2025-10-12,2025-12-25,8,206300,멤버십
c7af9c8a84c,2026-02-12,2026-02-12,1,21300,예약
cb274171308,2025-11-18,2025-11-18,1,28700,예약
ce9ee6674bf,2026-01-06,2026-01-06,1,25600,POS회원
c2168b6ac27,2026-02-13,2026-08-31,8,200100,POS회원
c58e305a34a,2026-07-11,2026-08-31,7,180100,예약
c905d5446b0,2026-01-27,2026-01-27,1,25200,배달재주문
cc7d7a30bbc,2025-09-01,2025-09-01,1,21200,배달재주문
cff51f25df2,2026-07-15,2026-07-15,1,19800,POS회원
c36cc4201fd,2025-12-11,2026-08-13,2,48700,POS회원
c6e4691cef5,2025-11-25,2025-11-25,1,28300,POS회원
ca5c0e00165,2025-11-01,2026-02-11,8,154200,POS회원
cdd3b2f74b9,2026-02-01,2026-02-01,1,21300,POS회원
c14b57f969a,2025-10-15,2026-06-11,8,224100,멤버십
c4c2fcea67b,2026-04-09,2026-07-06,5,105100,배달재주문
c83aa1d0b3e,2026-06-12,2026-08-31,6,115700,멤버십
cbb246c13a3,2026-01-30,2026-05-09,6,142400,예약
cf29ebb6951,2025-10-17,2025-10-17,1,20100,배달재주문
c2a190b9f29,2026-06-21,2026-06-21,1,24500,예약
c61935aec69,2026-06-29,2026-06-29,1,20000,배달재주문
c990da9d1c0,2026-06-06,2026-08-31,5,123200,POS회원
cd087f8002e,2025-09-02,2025-09-02,1,26700,멤버십
c08024871f0,2026-02-06,2026-05-26,4,114900,예약
c3f7c9747bc,2026-03-13,2026-03-13,1,26400,예약
c76f6e6dca8,2026-03-21,2026-03-21,1,25800,배달재주문
cae7135f7e2,2026-01-11,2026-06-13,4,106600,예약
ce5eb84d25e,2026-04-24,2026-04-24,1,21300,배달재주문
c1d65d47f3d,2026-01-12,2026-06-24,4,77000,POS회원
c54e023eae1,2026-06-23,2026-06-23,1,28700,POS회원
c8c5a72eebb,2025-11-04,2025-11-04,1,28300,예약
cc3d4c1efd2,2026-03-21,2026-03-21,1,24800,예약
cfb4f10597d,2026-06-30,2026-06-30,1,23100,배달재주문
c32c9602f75,2025-12-05,2025-12-05,1,24100,배달재주문
c6a43afbe11,2026-07-14,2026-07-14,1,19200,POS회원
ca1bdfe23c2,2026-07-11,2026-07-11,1,22000,멤버십
cd9384d0032,2026-04-10,2026-04-10,1,28900,POS회원
c10b29d764c,2025-12-14,2026-07-01,3,82800,멤버십
c482ceca40a,2026-01-05,2026-02-23,3,85800,배달재주문
c7fa73bbc1b,2025-12-19,2025-12-22,9,231100,멤버십
cb7218ad49d,2026-02-12,2026-02-12,1,28900,멤버십
cee9bd98cef,2026-03-18,2026-03-18,1,24700,예약
c261629f8a9,2025-11-30,2025-11-30,1,27700,배달재주문
c5d9078afeb,2026-02-11,2026-02-23,3,86800,멤버십
c950ac7012e,2025-09-18,2025-09-18,1,22300,POS회원
ccc85160a40,2026-06-16,2026-08-31,3,68500,POS회원
c03ff664b9b,2026-01-18,2026-01-18,1,19200,멤버십
c3b79b569d2,2025-12-22,2025-12-22,1,20800,배달재주문
c72f4044afc,2026-07-26,2026-07-26,1,24700,예약
caa6e53d3c9,2026-01-21,2026-01-21,1,22700,배달재주문
ce1e8a2df4c,2026-02-20,2026-02-20,1,23200,예약
c1962f22f56,2025-09-13,2025-09-13,1,21300,멤버십
c50dd416935,2026-03-06,2026-03-06,1,22300,멤버십
c8857904d13,2025-11-18,2025-11-18,1,26300,멤버십
cbfd1df07a2,2026-04-13,2026-08-31,4,107700,POS회원
cf74c2ec830,2026-05-29,2026-08-31,6,156000,배달재주문
c2ec67e94db,2026-05-11,2026-05-11,1,28800,POS회원
c6640cd4cfa,2026-06-20,2026-08-31,4,110400,멤버십
c9dbb1c7acf,2025-10-08,2025-10-08,1,23400,멤버십
cd5356b85df,2026-04-07,2026-04-07,1,26600,배달재주문
c0cafbb4983,2025-12-25,2026-07-12,8,169000,멤버십
c442a0ad98f,2026-01-09,2026-01-09,1,21600,멤버십
c7ba4590edd,2026-03-08,2026-08-25,6,125100,예약
cb31ea850ca,2026-05-13,2026-08-31,7,135800,배달재주문
cea98f7b8ca,2026-05-25,2026-05-25,1,27300,배달재주문
c221347f6a9,2026-03-23,2026-08-09,7,139200,POS회원
c598d967496,2026-05-27,2026-07-20,7,154700,POS회원
c9107e5b5f9,2026-05-13,2026-06-24,6,115200,배달재주문
cc882344a3a,2025-11-20,2026-03-25,6,169200,배달재주문
cfffc83b2fc,2026-03-28,2026-08-31,6,141900,멤버십
c3776d36f7d,2026-02-19,2026-02-19,1,21400,예약
c6ef1221225,2025-11-24,2025-11-24,1,21400,멤버십
ca66b71afc8,2026-03-01,2026-03-01,1,20000,멤버십
cdde5c062e9,2026-05-07,2026-05-07,1,27600,예약
c156010a02f,2025-10-02,2025-10-02,1,21100,멤버십
c4cda5fed46,2026-05-20,2026-05-20,1,20200,배달재주문
c8454ae2a9f,2026-01-24,2026-01-24,1,22200,POS회원
cbbcefd4d37,2025-12-04,2025-12-04,1,21100,배달재주문
cf3494ca8d2,2026-02-24,2026-02-24,1,22300,멤버십
c2ac39c897f,2026-04-13,2026-04-28,2,45800,POS회원
c623deb497f,2025-09-22,2026-04-03,4,80500,POS회원
c99b83ad197,2026-05-06,2026-05-06,1,27300,배달재주문
cd13289acc9,2026-01-04,2026-06-24,3,70600,예약
c08acd94621,2025-09-14,2025-09-14,1,23200,멤버십
c4027284d85,2025-11-20,2026-08-31,4,114600,예약
c77a177247e,2025-11-02,2025-11-02,1,25200,예약
caf1bc61ffc,2025-12-02,2025-12-02,1,20900,예약
ce69615f9c3,2026-03-23,2026-08-31,2,38100,예약
c1e10652a08,2025-09-27,2025-09-27,1,27300,POS회원
c558ab4a0c6,2025-11-10,2026-07-28,2,51300,멤버십
c8d0503815e,2026-02-18,2026-02-18,1,19300,멤버십
cc47f52d15a,2026-07-01,2026-07-01,1,27400,배달재주문
cfbf9a1d2d1,2026-03-07,2026-03-07,1,22000,멤버십
c3373f1c68f,2025-12-17,2025-12-17,1,21400,배달재주문
c6aee406872,2026-01-20,2026-08-31,4,99300,멤버십
ca2688f41cd,2025-09-03,2025-09-03,1,22500,POS회원
cd9e2dea4b1,2026-07-21,2026-07-21,1,27500,예약
c115d2e5322,2025-10-02,2025-10-02,1,26400,멤버십
c48d77de6ae,2025-10-04,2025-10-04,1,26400,POS회원
c8051cc96c9,2025-09-04,2025-09-04,1,19700,멤버십
cb7cc1bf5dc,2025-09-09,2025-09-09,1,23000,멤버십
cef466a2849,2026-07-11,2026-08-31,8,213900,예약
c26c0ba6775,2026-04-30,2026-04-30,1,20600,예약
c5e3b09fd51,2026-06-02,2026-06-02,1,27300,POS회원
c95b5580843,2025-12-08,2025-12-08,1,22500,멤버십
ccd2fa7c024,2025-10-07,2026-01-27,8,171100,멤버십
c04a9f73e52,2025-12-04,2025-12-04,1,20800,배달재주문
c3c24469e11,2026-02-06,2026-02-06,1,20400,POS회원
c739e959812,2026-07-18,2026-07-18,1,28000,POS회원
cab18e4eeb0,2026-01-17,2026-04-28,4,83700,배달재주문
ce29333162a,2026-05-06,2026-05-06,1,23700,배달재주문
c1a0d833c64,2025-10-20,2026-08-08,3,57300,멤버십
c5187d248fc,2026-04-06,2026-08-31,3,82200,예약
c8902213d15,2026-07-19,2026-07-19,1,22500,멤버십
cc07c707ba2,2026-07-14,2026-08-31,9,220100,POS회원
cf7f6bf54fe,2025-11-10,2025-11-10,1,19100,예약
c2f710f0c03,2026-01-17,2026-01-17,1,28400,POS회원
c66eb5e1486,2025-09-27,2025-09-27,1,28700,예약
c9e65ad7fe4,2026-06-11,2026-06-11,1,19400,배달재주문
cd5dffcdd8b,2025-11-25,2025-11-25,1,21700,예약
c0d5a4c3bdc,2026-07-20,2026-07-20,1,24900,멤버십
c44d49b25e0,2026-05-08,2026-08-31,7,193700,예약
c7c4eea7fe8,2025-10-27,2025-10-27,1,25900,POS회원
cb3c939869d,2025-11-28,2026-06-08,4,84800,멤버십
ceb4388728e,2026-02-03,2026-08-31,5,101800,멤버십
c22bdd81b5f,2026-02-23,2026-08-31,4,84700,예약
c5a3827f8c6,2026-06-03,2026-08-31,3,65700,배달재주문
c91b2768a04,2026-04-12,2026-08-31,2,54500,멤버십
cc92cc5b591,2025-11-07,2025-11-07,1,27900,POS회원
c00a715687d,2025-11-08,2025-11-08,9,215700,예약
c382164721f,2026-07-03,2026-07-03,1,22400,예약
c6f9bb349f1,2026-07-10,2026-07-10,1,24300,POS회원
ca716020da6,2026-02-20,2026-07-29,5,96800,멤버십
cde905103aa,2025-09-01,2026-04-30,8,155700,멤버십
c160aa1cf33,2026-04-01,2026-05-28,8,195600,예약
c4d84f09e18,2026-06-08,2026-08-31,5,103600,예약
c84ff3fb2f8,2026-03-13,2026-03-13,1,21100,POS회원
cbc798ef8c0,2026-05-12,2026-05-12,1,27700,배달재주문
cf3f3ddd731,2025-10-12,2026-07-08,2,41900,예약
c2b6e2df74f,2026-02-07,2026-02-07,1,27000,예약
c62e87cf89f,2025-10-14,2025-10-14,1,28300,예약
c9a62cb2467,2025-09-29,2026-06-02,9,233800,배달재주문
cd1dd1a87b2,2025-12-15,2025-12-15,1,27400,멤버십
c09576a964d,2026-05-17,2026-05-17,1,21300,예약
c40d1b9534d,2026-03-21,2026-08-31,3,59000,멤버십
c784c0865f8,2026-06-30,2026-06-30,1,21400,배달재주문
cafc65748f0,2025-10-10,2025-10-10,1,20600,예약
ce740a6552d,2026-01-26,2026-01-26,1,28900,예약
c1ebaf6906f,2026-04-08,2026-04-08,1,20200,멤버십
c563545f101,2026-03-12,2026-03-12,1,20400,멤버십
c8daf940df8,2026-01-13,2026-01-13,1,24400,멤버십
cc529e3dfe1,2026-07-12,2026-07-12,1,25800,POS회원
cfca432f979,2026-02-04,2026-02-04,1,24700,POS회원
c341e82dc2d,2026-01-23,2026-01-23,1,25300,배달재주문
c6b98d1a966,2026-04-10,2026-08-31,5,116300,POS회원
ca313205a20,2026-01-22,2026-05-06,3,64800,예약
cda8d6f2d1c,2026-04-22,2026-08-31,4,81100,POS회원
c1207bf6834,2026-01-24,2026-01-24,1,21700,예약
c49820ebcdc,2026-01-18,2026-01-18,1,22400,배달재주문
c80fc5d21c6,2026-05-19,2026-07-24,7,187500,POS회원
cb876acac07,2026-06-08,2026-06-08,1,22500,예약
ceff0fb6024,2025-11-09,2026-03-12,6,126700,배달재주문
c276b4b9105,2026-04-23,2026-08-31,2,50700,POS회원
c5ee59a0d4b,2026-01-17,2026-01-17,1,22600,멤버십
c965fe91c1e,2026-06-13,2026-06-13,1,24700,멤버십
ccdda380c8d,2025-12-12,2025-12-12,1,27400,POS회원
c055488a326,2026-05-09,2026-05-09,1,21100,예약
c3cced72b73,2025-09-16,2025-09-16,1,25200,POS회원
c7449265ac0,2025-12-28,2025-12-28,1,21200,예약
cabc37502a9,2026-02-20,2026-02-20,1,19700,예약
ce33dc4328e,2026-06-26,2026-06-26,1,23700,멤버십
c1ab81499d7,2026-07-11,2026-07-11,1,21700,멤버십
c52326311f1,2026-07-07,2026-08-31,8,154000,배달재주문
c89acb25685,2025-12-26,2025-12-26,1,26300,멤버십
cc12701a147,2025-10-07,2025-10-07,1,25900,멤버십
cf8a15052fc,2026-07-13,2026-07-13,1,22400,멤버십
c301ba0a251,2025-11-22,2026-05-17,8,154200,배달재주문
c6795efc4c2,2026-05-18,2026-07-01,6,161900,배달재주문
c9f103ed94b,2026-05-04,2026-05-04,1,27700,예약
cd68a8d7a0a,2025-10-11,2026-03-03,8,201000,예약
c0e04ddcc03,2025-11-06,2026-08-21,7,140700,POS회원
c457f2c8694,2025-12-07,2025-12-07,1,25700,POS회원
c7cf97bbb35,2025-10-21,2025-10-21,1,19200,POS회원
cb473ca93b3,2026-02-22,2026-08-31,7,184300,POS회원
cebee19efda,2025-10-29,2025-12-20,5,138900,POS회원
c236869e7d1,2026-06-03,2026-06-03,1,22400,멤버십
c5ae2b84f4a,2025-11-12,2025-11-12,1,29000,POS회원
c925d0794cd,2025-12-15,2025-12-15,1,22600,예약
cc9d756f97d,2025-12-19,2025-12-19,1,27700,POS회원
c0151a66ddc,2025-11-26,2025-11-26,1,19400,POS회원
c38cbf532ca,2026-01-13,2026-08-31,5,109800,멤버십
c704644b84f,2025-12-03,2025-12-03,1,27900,예약
ca7c093bc8d,2026-04-09,2026-04-17,6,137700,POS회원
cdf3ae20714,2026-05-12,2026-05-12,1,21600,예약
c16b5329f00,2025-10-27,2025-10-27,1,27500,배달재주문
c4e2f8167a2,2026-03-15,2026-03-15,1,21700,예약
c85a9d0ef19,2025-09-04,2025-09-04,1,26100,예약
cbd241faaff,2025-12-03,2025-12-03,1,23000,배달재주문
cf49e6e62c9,2025-11-24,2026-04-23,2,55500,배달재주문
c2c18be82bd,2025-11-19,2026-02-26,6,167700,배달재주문
c63930d1e6a,2025-12-07,2025-12-07,1,22100,POS회원
c9b0d5cad73,2026-04-03,2026-04-03,1,19800,POS회원
cd287abda5f,2026-06-25,2026-08-31,7,161900,POS회원
c0a01fb31a1,2026-03-29,2026-08-31,7,147900,배달재주문
c417c4adfa1,2025-09-07,2025-09-07,1,24500,예약
c78f6997b11,2025-10-30,2026-07-08,7,185100,POS회원
cb070e8a11b,2025-12-30,2026-08-21,8,219800,예약
ce7eb37df2e,2026-05-10,2026-05-10,1,23300,POS회원
c1f65874338,2026-03-29,2026-03-29,1,24700,멤버십
c56dfd60774,2025-11-23,2025-11-23,1,24800,멤버십
c8e5a2512e6,2025-12-11,2025-12-11,1,23800,POS회원
cc5d474d5df,2026-03-12,2026-03-12,1,24100,멤버십
cfd4ec342a4,2026-02-17,2026-08-31,5,138100,멤버십
c34c9130ece,2025-09-19,2026-05-05,9,175700,배달재주문
c6c43622d51,2026-04-12,2026-08-31,3,85700,POS회원
ca3bdb16878,2025-12-31,2026-03-25,3,74300,예약
cdb38004fd2,2026-02-10,2026-04-03,6,137400,멤버십
c12b250e6d5,2026-01-14,2026-01-14,1,25800,POS회원
c4a2c9fb214,2026-04-13,2026-04-13,1,27300,예약
c81a6ee525c,2025-10-31,2025-10-31,1,25200,POS회원
cb9213d4525,2026-03-19,2026-03-19,1,25700,POS회원
cf09b8c739c,2026-01-01,2026-01-01,1,20500,배달재주문
c2815dc3dd6,2025-09-01,2025-09-01,1,26100,POS회원
c5f902b1683,2026-05-06,2026-08-31,5,123300,배달재주문
c970a7a2430,2025-12-04,2026-01-17,6,142900,예약
cce84c9e231,2025-10-28,2026-06-29,6,152400,배달재주문
c05ff19c93d,2026-06-15,2026-08-31,2,44400,멤버십
c3d796841b5,2026-06-14,2026-06-14,1,19800,예약
c74f3b7c5a3,2025-10-12,2025-10-12,1,28000,예약
cac6e06c928,2026-05-03,2026-08-31,3,83200,예약
ce3e855af05,2025-12-26,2026-02-08,2,56000,멤버십
c1b62a5fe62,2026-04-20,2026-08-31,9,232600,예약
c52dcf47b9d,2025-10-20,2026-02-12,8,224000,POS회원
c8a5743f00a,2026-04-02,2026-04-02,1,19500,POS회원
cc1d192aa49,2025-10-23,2026-05-31,6,119700,멤버십
cf94be1a0ee,2025-10-05,2026-06-30,6,117600,예약
c30c6311b35,2025-10-11,2026-02-07,5,121000,배달재주문
c684080738e,2026-07-06,2026-07-06,1,20100,POS회원
c9fbacf7b33,2026-07-21,2026-08-31,6,154000,POS회원
cd7351e1156,2026-05-30,2026-08-31,8,169400,예약
c0eaf6e2bb6,2025-09-13,2025-09-13,1,24300,예약
c4629bd4d8b,2026-05-07,2026-05-07,1,22500,예약
c7da40cbbff,2025-10-24,2026-04-24,4,101500,멤버십
cb51e5b5b36,2026-03-13,2026-03-13,1,25400,배달재주문
cec98aa76fb,2026-01-08,2026-01-08,1,21700,POS회원
c2412fa0c59,2026-04-09,2026-04-09,1,28400,배달재주문
c5b8d491e42,2025-11-02,2026-07-20,2,53000,멤버십
c93079866d8,2025-09-10,2025-11-23,2,42100,멤버십
cca81e7b788,2026-04-23,2026-04-23,1,25300,멤버십
c01fc37504e,2026-02-13,2026-02-13,1,26000,배달재주문
c3976864911,2026-01-03,2026-01-03,1,23900,배달재주문
c70f0d5cb0b,2026-03-12,2026-03-12,1,20500,POS회원
ca86b249a6a,2025-12-07,2025-12-07,1,23500,배달재주문
cdfe573283e,2026-05-22,2026-08-31,6,155000,배달재주문
c175fc37d94,2025-11-04,2025-11-04,1,22200,배달재주문
c4eda12fdef,2026-01-07,2026-01-07,1,23500,배달재주문
c8654614d37,2026-04-19,2026-08-31,8,170900,예약
cbdceb06f55,2026-03-06,2026-08-12,3,63400,멤버십
cf548ffec58,2026-03-09,2026-03-09,1,24700,멤버십
c2cc34ff5a7,2025-09-16,2026-04-19,7,201500,예약
c643d9e03c0,2025-11-05,2026-03-31,4,80300,POS회원
c9bb7ed2fd3,2026-07-12,2026-08-31,4,83400,멤버십
cd3323c7ae8,2026-02-07,2026-05-15,4,101400,POS회원
c0aac8cf863,2026-01-17,2026-01-17,1,28200,예약
c4226dbb8e3,2025-12-22,2026-03-26,8,192000,배달재주문
c79a12ad9c1,2026-05-13,2026-05-13,1,22200,예약
cb11b79942e,2025-12-11,2025-12-11,1,28300,멤버십
ce895c82378,2025-10-09,2025-11-05,7,157600,POS회원
c20101849b8,2026-07-09,2026-07-09,1,23800,배달재주문
c578a67a08e,2026-05-11,2026-07-19,8,192800,예약
c8f04b6640f,2026-03-09,2026-03-09,1,19400,배달재주문
cc67f05a9d9,2026-02-26,2026-02-26,1,27800,POS회원
cfdf95435f3,2026-01-22,2026-01-22,1,24100,멤버십
c3573a47ad5,2025-12-10,2025-12-10,1,23200,POS회원
c6cedf37c10,2025-11-11,2026-07-08,5,120500,배달재주문
ca46842de46,2025-11-26,2025-11-26,1,21700,POS회원
cdbe2915052,2026-04-07,2026-06-28,4,87200,예약
c135ce14533,2025-11-09,2025-11-09,1,22900,배달재주문
c4ad730df1f,2025-09-01,2025-09-01,1,24400,멤버십
c82517f80e2,2026-03-17,2026-03-17,1,28400,POS회원
cb9cbce0968,2026-01-27,2026-01-27,1,23700,배달재주문
cf1461dbe8e,2026-04-14,2026-04-14,1,26600,POS회원
c28c06dca49,2026-02-19,2026-02-19,1,20400,예약
c603abc9d13,2026-06-15,2026-07-31,6,128600,멤버십
c97b50b59cc,2026-03-19,2026-04-12,5,114300,배달재주문
ccf2f5aa6fe,2026-04-26,2026-04-26,1,21600,멤버십
c06a9aa7178,2025-09-07,2025-09-07,1,21900,POS회원
c3e23f92cc2,2026-02-20,2026-02-20,1,27500,예약
c759e48ff52,2026-07-11,2026-07-11,1,20100,멤버십
cad1897f75b,2026-05-26,2026-05-26,1,23400,POS회원
ce492e611fd,2026-03-05,2026-03-05,1,25300,배달재주문
c1c0d369c00,2025-12-02,2026-08-27,7,180900,POS회원
c538785b397,2025-12-02,2025-12-02,1,20700,배달재주문
c8b01d48256,2025-11-27,2025-11-27,1,24400,멤버십
cc27c23ae12,2026-05-13,2026-05-13,1,28600,배달재주문
cf9f672e8e8,2026-03-26,2026-03-26,1,23300,예약
c3170c2520f,2026-06-19,2026-06-19,1,21900,배달재주문
c68eb114eff,2026-01-11,2026-01-11,1,22300,멤버십
ca0656069e3,2026-01-08,2026-04-22,5,119300,멤버십
cd7dfaf96b7,2026-02-13,2026-02-13,1,24300,예약
c0f59ff57bf,2025-10-21,2026-06-04,3,71500,예약
c46d44ec48b,2026-03-03,2026-08-31,3,86700,POS회원
c7e4e9d4d05,2025-11-04,2025-11-04,1,24000,멤버십
cb5c8ecbd85,2026-01-07,2026-06-23,8,231100,POS회원
ced433b76bf,2026-04-29,2026-06-03,7,147200,멤버십
c24bd8bde30,2026-03-08,2026-03-08,1,28300,POS회원
c5c37dae08a,2026-06-08,2026-06-08,1,21500,예약
c93b229ef8c,2025-10-11,2025-10-11,1,19800,멤버십
ccb2c7802f9,2025-09-20,2025-09-20,1,28900,배달재주문
c02a6c8848b,2025-09-13,2025-10-20,3,69500,POS회원
c3a2117b3c8,2025-09-19,2025-09-19,1,20400,예약
c719b668e56,2026-06-27,2026-08-22,2,42200,예약
ca915b5d835,2025-12-24,2026-08-31,3,83300,멤버십
ce09004d703,2025-09-25,2025-09-25,1,26900,멤버십
c180a547dcf,2026-07-05,2026-07-05,1,19300,POS회원
c4f84a3182b,2025-12-09,2025-12-09,1,28500,POS회원
c86fef28bd6,2025-12-15,2025-12-15,1,20300,POS회원
cbe794118d4,2026-04-03,2026-04-03,1,24000,배달재주문
cf5f390e4e4,2026-04-22,2026-04-22,1,28200,멤버십
c2d6de0c048,2026-02-01,2026-02-01,1,26200,배달재주문
c64e82fadc6,2025-09-24,2025-09-24,1,24800,POS회원
c9c627e3fa8,2026-04-27,2026-04-27,1,20600,POS회원
cd3dccddf4a,2026-05-27,2026-07-27,3,84700,배달재주문
c0b571d6fb9,2026-07-22,2026-07-22,1,23700,예약
c42d16c51fd,2025-12-28,2025-12-28,1,24300,POS회원
c7a4bbb3674,2025-09-02,2025-09-02,1,23700,POS회원
cb1c60aee11,2026-07-24,2026-08-31,3,64300,POS회원
ce940595d38,2025-09-06,2025-10-23,8,199700,예약
c20baa965a4,2025-10-27,2026-02-18,5,118300,멤버십
c5834f8b2fb,2026-03-12,2026-03-12,1,28300,배달재주문
c8faf47fc90,2026-05-20,2026-08-31,8,169800,POS회원
cc72996e14b,2025-09-14,2026-07-07,6,172200,예약
cfea3e59090,2025-09-24,2025-09-24,1,28200,예약
c361e359d58,2025-11-20,2025-11-20,1,27700,멤버십
c6d988412a0,2025-09-05,2025-10-05,9,176900,예약
ca512d3a556,2026-04-11,2026-07-05,8,157900,예약
cdc8d22bc34,2025-12-07,2025-12-07,1,23200,멤버십
c140772a468,2026-01-11,2026-01-11,1,28900,배달재주문
c4b81c14adb,2026-03-29,2026-03-31,6,142200,예약
c82fc10da99,2026-04-21,2026-04-21,1,25000,멤버십
cba765f34b8,2025-09-01,2025-09-01,1,20400,예약
cf1f0aea887,2026-02-05,2026-08-31,2,57100,예약
c296afef395,2026-07-26,2026-07-26,1,26500,예약
c60e54d3a58,2026-02-28,2026-02-28,1,19200,예약
c985f9cfa8f,2025-10-13,2025-10-13,1,20200,POS회원
ccfd9ebaf3b,2026-07-13,2026-07-13,1,28200,멤버십
c07543bd415,2026-03-24,2026-08-31,5,126200,POS회원
c3ece8afe80,2025-11-26,2026-01-01,6,159800,예약
c7648d9b839,2026-02-02,2026-02-23,6,129100,POS회원
cadc328609e,2026-02-23,2026-08-31,6,164400,POS회원
ce53d7794ff,2025-12-21,2026-05-26,8,156800,POS회원
c1cb7c732d9,2026-01-11,2026-08-31,7,167800,멤버십
c543216ac41,2025-12-16,2025-12-16,1,24000,멤버십
c8bac6535ba,2025-11-16,2025-11-16,1,27100,멤버십
cc326b4ddbc,2026-03-16,2026-03-16,1,25700,예약
cfaa1037ef6,2025-12-11,2025-12-11,1,21000,예약
c321b53b9f9,2026-04-05,2026-04-05,1,19800,POS회원
c6995a2c0bb,2026-06-12,2026-08-22,6,173400,POS회원
ca10ff1e4db,2025-12-16,2025-12-16,1,21800,예약
cd88a40a1bb,2026-07-01,2026-07-01,1,26100,예약
c100490afb9,2026-07-25,2026-07-25,1,28200,멤버십
c477edf71af,2026-05-20,2026-08-31,8,171400,멤버십
c7ef92e7489,2026-07-19,2026-07-19,1,21700,멤버십
cb6737de7db,2025-10-17,2025-10-17,1,22300,예약
cededccc7cb,2026-04-04,2026-04-04,1,21300,POS회원
c25681c3782,2025-10-26,2025-10-26,1,20100,멤버십
c5ce26b8d54,2026-07-25,2026-07-25,1,23000,예약
c945cba3c20,2025-12-15,2025-12-15,1,20900,POS회원
ccbd70911e5,2026-06-19,2026-06-19,1,22900,멤버십
c035159a9be,2026-05-28,2026-05-28,1,22300,멤버십
c3acba84475,2026-01-31,2026-01-31,1,22300,예약
c7245f74202,2026-03-19,2026-03-19,1,26000,배달재주문
ca9c046809d,2025-12-22,2025-12-22,1,28900,배달재주문
ce13a950dd3,2025-11-24,2026-07-19,3,85800,예약
c18b4e513e3,2026-07-13,2026-08-20,5,144100,배달재주문
c502f34bd48,2026-06-10,2026-06-10,1,19200,예약
c87a98322e8,2025-11-06,2025-11-06,1,21100,멤버십
cbf23d234ac,2026-01-21,2026-06-14,9,206500,예약
cf69e21693f,2026-06-20,2026-06-20,1,24000,배달재주문
c2e18717063,2026-06-27,2026-08-31,7,133900,예약
c6592c0f56e,2026-02-17,2026-03-19,9,180900,멤버십
c9d0d0fb977,2026-07-12,2026-07-12,1,22900,POS회원
cd4875eeb18,2026-07-02,2026-08-12,6,151800,배달재주문
c0c01aeb4ea,2026-01-27,2026-01-27,1,26200,예약
c437bfd88a1,2026-07-19,2026-08-27,2,40800,예약
c7af64cea93,2026-05-26,2026-05-26,1,27000,배달재주문
cb2709b5953,2026-06-12,2026-06-12,1,27500,배달재주문
ce9eaea130d,2026-01-18,2026-01-18,1,24400,배달재주문
c21653aa4e9,2026-04-28,2026-04-28,1,19500,예약
c58df8907fe,2025-09-09,2025-09-09,1,22800,멤버십
c9059d88c3c,2025-10-23,2026-08-07,6,127700,POS회원
cc7d427ce88,2026-06-30,2026-07-07,3,84700,멤버십
cff4e760770,2026-01-09,2026-01-09,1,27500,배달재주문
c36c8c6e9e1,2026-06-01,2026-06-01,1,19600,배달재주문
c6e43159880,2025-12-18,2026-05-14,7,182100,POS회원
ca5bd640d35,2025-09-14,2025-09-14,1,27200,멤버십
cdd37b300a3,2025-12-19,2025-12-25,4,111800,멤버십
c14b203cf21,2025-11-10,2025-11-10,1,28500,배달재주문
c4c2c5247e2,2025-09-15,2025-09-15,1,28100,배달재주문
c83a6a174ac,2025-12-03,2026-08-16,6,148400,멤버십
cbb20f0b6da,2025-10-25,2026-06-16,7,184500,예약
cf29b3fdcd0,2026-02-22,2026-02-22,1,21800,예약
c2a158f4d18,2026-02-01,2026-02-01,1,23400,POS회원
c618fdeeef4,2026-05-20,2026-05-20,1,27300,멤버십
c990a2dcec7,2025-12-08,2026-01-22,4,87000,배달재주문
cd0847c1295,2025-11-07,2025-11-07,1,25000,예약
c07feccca57,2025-09-17,2026-02-05,5,134800,멤버십
c3f791b9af7,2026-07-13,2026-07-13,1,26700,멤버십
c76f36aac17,2026-03-15,2026-03-15,1,19500,멤버십
cae6db97080,2025-10-21,2026-03-07,3,69100,예약
ce5e80872be,2026-07-16,2026-07-16,1,20500,배달재주문
c1d62582359,2026-01-10,2026-01-10,1,27400,멤버십
c54dca796f1,2025-11-22,2025-11-22,1,23400,배달재주문
c8c56f6c8ce,2026-01-23,2026-08-31,9,185600,예약
cc3d14534e5,2026-03-04,2026-03-04,1,28100,예약
cfb4b948180,2026-04-26,2026-04-26,1,22500,멤버십
c32c5e48f07,2026-02-28,2026-08-31,9,228000,예약
c6a403301df,2025-11-27,2025-11-27,1,27500,예약
ca1ba8226e3,2026-07-19,2026-07-19,1,24900,예약
cd934d193aa,2026-03-16,2026-03-16,1,27900,배달재주문
c10af21e7fc,2026-02-09,2026-02-26,2,54400,예약
c482970734b,2025-12-11,2025-12-11,1,25500,배달재주문
c7fa3bf9286,2025-11-19,2025-12-11,7,182200,POS회원
cb71e0e33c7,2026-03-15,2026-03-15,1,28900,배달재주문
cee985d1868,2026-03-22,2026-03-22,1,19100,배달재주문
c2612ad7e9c,2026-06-07,2026-06-07,1,21800,POS회원
c5d8cfc4b7b,2025-10-16,2025-10-16,1,19500,배달재주문
c95074bbff0,2025-10-12,2025-10-12,1,26200,멤버십
ccc819a696c,2026-06-06,2026-08-31,6,157100,배달재주문
c03fbea7289,2026-05-06,2026-05-06,1,21800,배달재주문
c3b76390d63,2025-09-12,2026-04-02,3,57500,멤버십
c72f0881b01,2026-05-25,2026-05-25,1,23500,배달재주문
caa6ad7340b,2026-02-01,2026-02-01,1,27300,POS회원
ce1e526548d,2026-05-19,2026-08-31,3,84500,예약
c195f7612ff,2026-04-21,2026-04-21,1,28800,멤버십
c50d9c56f8b,2026-07-25,2026-07-25,1,25400,POS회원
c8854148a68,2026-06-29,2026-08-31,7,168200,배달재주문
cbfce63cca6,2026-05-21,2026-05-21,1,27400,예약
cf748b2c28d,2026-06-19,2026-07-27,4,85800,멤버십
c2ec302d72d,2026-01-01,2026-01-01,1,23000,POS회원
c663d5171d1,2026-04-29,2026-04-29,1,25700,멤버십
c9db7a0598f,2026-05-07,2026-08-31,5,106800,배달재주문
cd531ef09c4,2026-03-20,2026-03-24,2,54100,멤버십
c0cac3f887f,2025-09-05,2025-09-05,1,22000,배달재주문
c44268efdcf,2025-11-30,2025-11-30,1,21000,멤버십
c7ba0dd22ff,2026-05-25,2026-05-25,1,24600,POS회원
cb31b2c0b72,2025-12-16,2025-12-24,7,133000,멤버십
cea957bcbff,2026-05-15,2026-05-15,1,27300,배달재주문
c220fcb1de6,2026-07-07,2026-08-31,2,49900,예약
c598a1a38b7,2026-07-02,2026-07-02,1,23400,배달재주문
c910469d15e,2026-06-02,2026-06-02,1,26900,배달재주문
cc87eb80659,2026-06-21,2026-08-31,8,183700,배달재주문
cfff90762f7,2026-04-29,2026-04-29,1,24600,예약
c377357b715,2026-02-01,2026-08-31,8,191000,배달재주문
c6eeda66d3f,2026-02-07,2026-02-07,1,28300,예약
ca667f5e28f,2025-11-17,2025-11-17,1,24000,예약
cdde24429c3,2025-12-08,2026-01-20,9,239200,POS회원
c155c942c2a,2025-12-13,2026-05-19,6,139000,예약
c4cd6e30e79,2026-03-09,2026-03-09,1,19300,배달재주문
c845132e854,2026-02-25,2026-02-25,1,24700,배달재주문
cbbcb81dbba,2025-09-26,2025-12-05,8,159700,POS회원
cf345d0b6e0,2026-01-12,2026-01-12,1,25900,멤버십
c2ac0208c38,2026-03-26,2026-08-31,7,147800,멤버십
c623a6fe7e4,2026-04-13,2026-06-12,3,63800,배달재주문
c99b4bef7d2,2025-12-22,2026-01-01,2,47400,POS회원
cd12f0d284c,2026-06-30,2026-07-19,3,60900,멤버십
c08a95d5b99,2026-05-25,2026-05-25,1,28100,배달재주문
c4023ac16c9,2025-11-28,2026-02-17,9,230300,배달재주문
c779dfb5e70,2026-02-24,2026-02-24,1,19900,배달재주문
caf184ab53c,2025-11-06,2025-11-06,1,26300,예약
ce69299edae,2025-12-29,2025-12-29,1,20500,POS회원
c1e0ce97e9b,2026-07-02,2026-07-02,1,28500,예약
c5587385bad,2026-05-17,2026-05-17,1,28200,배달재주문
c8d0187212d,2026-06-01,2026-06-01,1,19700,POS회원
cc47bd667c0,2026-06-03,2026-06-03,1,20100,배달재주문
cfbf6259e85,2026-01-24,2026-05-17,4,107000,멤버십
c3370750cee,2025-10-13,2026-02-14,5,139700,POS회원
c6aeac4cb11,2026-03-07,2026-03-07,1,21600,멤버십
ca26513d4da,2025-11-04,2025-11-04,1,23400,멤버십
cd9df621f3e,2026-07-25,2026-07-25,1,25000,배달재주문
c1159b27068,2026-06-25,2026-06-25,1,24700,멤버십
c48d401ac13,2026-04-29,2026-04-29,1,23500,배달재주문
c804e507364,2026-07-14,2026-07-14,1,19500,배달재주문
cb7c89f9aae,2026-05-05,2026-05-05,1,26200,배달재주문
cef42ee8bd8,2026-02-01,2026-06-26,7,190200,예약
c26bd3ea3a7,2026-01-31,2026-02-04,3,76800,배달재주문
c5e378d7b4d,2026-01-26,2026-07-18,9,193700,예약
c95b1dc476e,2026-01-08,2026-01-08,1,19700,멤버십
ccd2c2b5808,2026-02-12,2026-02-12,1,28300,POS회원
c04a67b7937,2026-05-17,2026-05-17,1,22600,멤버십
c3c20ca996f,2025-11-06,2026-02-13,2,43400,POS회원
c739b1917eb,2025-11-08,2025-11-08,1,20600,POS회원
cab15683ca5,2025-10-16,2025-10-16,1,22700,멤버십
ce28fb774d1,2025-11-14,2025-11-14,1,24800,예약
c1a0a07ad15,2026-01-02,2026-01-02,1,24000,예약
c518456e762,2026-03-19,2026-03-19,1,28600,POS회원
c88fea5d508,2026-03-04,2026-03-10,7,190100,POS회원
cc078f4962f,2026-06-21,2026-06-21,1,28900,예약
cf7f3430a9b,2025-12-21,2026-08-31,6,145800,POS회원
c2f6d930c1f,2026-01-13,2026-08-03,7,177200,예약
c66e7e21f77,2026-05-16,2026-05-16,1,28300,배달재주문
c9e6231c293,2026-06-19,2026-08-29,5,117500,POS회원
cd5dc80469c,2025-09-23,2025-09-23,1,28900,멤버십
c0d56d08619,2025-11-01,2025-11-01,1,27200,배달재주문
c44d11fae82,2025-10-01,2025-10-01,1,25300,예약
c7c4b6e91f3,2026-07-25,2026-08-31,7,174000,멤버십
cb3c5bdd4de,2026-06-09,2026-08-31,4,110500,배달재주문
ceb400c6ebc,2026-03-10,2026-03-10,1,19300,예약
c22ba5c78ab,2026-02-23,2026-02-28,5,112500,예약
c5a34abefba,2026-04-16,2026-05-16,9,214600,POS회원
c91aefac906,2026-03-17,2026-04-22,5,127700,멤버십
cc9294905aa,2025-11-20,2025-11-20,1,29000,POS회원
c00a399a252,2026-07-08,2026-07-08,1,19200,예약
c381de83e62,2025-12-21,2025-12-21,1,22200,예약
c6f9837b9f8,2025-11-09,2025-11-09,1,22200,배달재주문
ca7128673a8,2025-11-17,2025-12-18,7,192500,멤버십
cde8cd5ebdd,2026-02-24,2026-02-24,1,28400,POS회원
c160725b286,2026-04-22,2026-04-22,1,24400,멤버십
c4d8174cd72,2026-03-30,2026-08-31,6,152500,멤버십
c84fbc3215a,2026-06-12,2026-06-12,1,19800,배달재주문
cbc76127ed1,2025-12-04,2025-12-04,1,27100,멤버십
cf3f061063c,2025-12-26,2026-08-04,4,85700,예약
c2b6ab190e4,2025-11-08,2025-11-08,1,25900,POS회원
c62e500746f,2025-11-29,2025-11-29,1,28800,예약
c9a5f4f4fd2,2026-05-14,2026-05-14,1,20400,예약
cd1d99e5ad8,2026-03-29,2026-03-29,1,26400,예약
c0953eef0f4,2025-09-11,2025-09-11,1,24900,배달재주문
c40ce3d2810,2026-04-15,2026-08-31,7,141800,배달재주문
c78488ce47f,2026-06-04,2026-06-04,1,24300,POS회원
cafc2db046a,2026-04-22,2026-08-31,8,215400,멤버십
ce73d2abcc3,2026-04-28,2026-08-04,3,74500,멤버십
c1eb77a0f21,2026-01-02,2026-01-02,1,28000,멤버십
c5631c9a368,2026-03-08,2026-03-08,1,19200,예약
c8dac18d330,2026-04-18,2026-04-18,1,28100,POS회원
cc5266722a8,2026-06-11,2026-06-11,1,25500,POS회원
cfca0b6d5db,2025-11-23,2025-11-23,1,20500,배달재주문
c341b06e424,2026-05-25,2026-05-25,1,23100,배달재주문
c6b95553e65,2025-12-02,2026-02-12,5,133000,POS회원
ca30fa44b13,2026-03-29,2026-08-31,9,200600,예약
cda89f3153e,2025-10-14,2025-10-14,1,19000,멤버십
c120443bb0b,2026-06-11,2026-06-11,1,22700,예약
c497e92803b,2025-12-19,2026-05-17,5,111600,배달재주문
c80f8e13ca3,2026-04-27,2026-04-27,1,24100,배달재주문
cb873302bdb,2026-02-08,2026-02-08,1,25800,POS회원
cefed7f30e8,2026-01-08,2026-03-09,8,228700,예약
c2767cf3ed2,2025-10-20,2026-01-11,7,185100,POS회원
c5ee21e1a46,2026-01-21,2026-01-21,1,23100,예약
c965c6dfc06,2025-11-06,2025-12-20,5,126900,배달재주문
ccdd6bcc182,2025-11-05,2025-11-05,1,27800,POS회원
c05510c6380,2026-03-29,2026-05-16,8,172000,배달재주문
c3ccb5b06a5,2026-07-18,2026-07-18,1,26300,멤버십
c7445aa3b80,2026-03-17,2026-03-17,1,20500,멤버십
cabbff93b0b,2025-11-29,2025-11-29,1,25300,배달재주문
ce33a482f18,2025-09-21,2025-09-21,1,25600,POS회원
c1ab498f979,2026-05-03,2026-05-03,1,28000,POS회원
c522ee7555b,2025-11-07,2026-02-08,5,129400,멤버십
c89a93602a1,2025-09-14,2026-01-05,5,108600,멤버십
cc123850687,2026-04-12,2026-04-12,1,22700,멤버십
cf89dd4df2d,2025-11-07,2026-02-01,3,83600,배달재주문
c30182414a3,2026-05-22,2026-05-22,1,19800,배달재주문
c679273ce51,2026-04-14,2026-04-14,1,24900,예약
c9f0cc25b10,2026-04-25,2026-04-25,1,28800,POS회원
cd687116e93,2026-01-23,2026-08-31,8,156000,배달재주문
c0e0161f1cb,2025-11-22,2026-08-31,2,41300,POS회원
c457bb07a10,2025-10-06,2026-01-29,9,188600,멤버십
c7cf5ff06c7,2026-03-12,2026-07-08,2,54000,멤버십
cb4704ea298,2025-09-08,2025-09-08,1,24500,예약
cebea9d350e,2025-10-18,2025-12-25,8,158100,POS회원
c2364ed1c24,2026-03-15,2026-03-15,1,19700,멤버십
c5adf3ccb15,2026-06-04,2026-06-04,1,21800,POS회원
c92598b37d0,2026-02-03,2026-02-03,1,26000,예약
cc9d3da2169,2026-07-12,2026-07-12,1,21700,배달재주문
c014e2a1ef3,2026-06-16,2026-06-16,1,25800,배달재주문
c38c87961b6,2026-06-17,2026-07-10,3,84800,배달재주문
c7042c810ea,2026-04-05,2026-04-05,1,24400,POS회원
ca7bd172208,2026-04-12,2026-04-12,1,19200,예약
cdf37660d4c,2025-09-27,2025-09-27,1,29000,POS회원
c16b1b66ffd,2026-04-25,2026-04-25,1,23000,POS회원
c4e2c0547de,2026-04-20,2026-04-20,1,25500,POS회원
c85a654761e,2026-05-02,2026-05-02,1,22700,예약
cbd20a334fb,2025-12-02,2025-12-02,1,23000,배달재주문
cf49af2905f,2026-01-09,2026-07-29,8,182800,멤버십
c2c1542a0a8,2026-06-05,2026-06-05,1,27300,멤버십
c638f9178de,2026-05-30,2026-08-31,8,164700,POS회원
c9b09e03634,2025-11-11,2026-07-09,4,90800,멤버십
cd2842f890b,2025-12-31,2025-12-31,1,20600,POS회원
c09fe7f962d,2026-07-07,2026-08-31,9,248500,POS회원
c4178ce7ce7,2025-09-24,2025-09-24,1,21500,멤버십
c78f31df1b7,2025-12-09,2025-12-09,1,21500,POS회원
cb06d6c856e,2026-05-19,2026-08-15,8,163300,POS회원
ce7e7bbd92d,2025-10-09,2025-10-09,1,24000,배달재주문
c1f620b70c8,2026-06-17,2026-07-09,4,91600,POS회원
c56dc5aaf4a,2025-09-01,2025-09-01,1,27400,배달재주문
c8e56a9e2a6,2026-05-20,2026-05-20,1,19300,멤버십
cc5d0f88774,2026-07-19,2026-07-19,1,27600,배달재주문
cfd4b47acd0,2025-10-07,2026-06-19,9,186800,POS회원
c34c597575a,2025-12-23,2025-12-23,1,27700,멤버십
c6c3fe69707,2025-10-18,2025-10-18,1,19200,POS회원
ca3ba35139a,2026-02-18,2026-02-18,1,27800,배달재주문
cdb3484f548,2025-12-15,2026-08-29,8,231100,예약
c12aed4fba2,2026-05-04,2026-08-31,6,133500,배달재주문
c4a292375a2,2026-06-10,2026-08-31,7,174900,예약
c81a3720d60,2026-07-01,2026-07-01,1,23100,예약
cb91dc1a64d,2026-06-21,2026-06-21,1,28300,배달재주문
cf09810f2ed,2026-04-14,2026-04-14,1,21000,POS회원
c281260d097,2025-10-16,2025-10-16,1,21800,멤버십
c5f8caf20a6,2026-07-27,2026-07-27,1,27300,배달재주문
c9706fed324,2025-11-01,2026-08-24,8,210900,예약
cce814db568,2025-10-26,2026-07-13,6,116900,멤버십
c05fb9d01bc,2026-06-03,2026-08-07,5,112800,POS회원
c3d75ecb105,2025-09-16,2025-09-16,1,24000,POS회원
c74f03bb531,2026-05-18,2026-08-31,5,109200,예약
cac6a8a6bb0,2025-10-06,2026-02-09,8,230400,POS회원
ce3e4d91f4b,2026-02-27,2026-02-27,1,28600,멤버십
c1b5f29ca1a,2025-10-10,2025-10-10,1,26600,배달재주문
c52d978077f,2026-01-22,2026-01-22,1,27200,예약
c8a53c7af03,2026-02-14,2026-02-14,1,24800,POS회원
cc1ce1630ab,2026-03-14,2026-06-20,8,169100,멤버십
cf94865b0be,2026-02-17,2026-06-15,6,140200,POS회원
c30c2b5ffd0,2026-06-20,2026-06-20,1,24300,POS회원
c683d04b81f,2026-07-15,2026-07-15,1,20200,배달재주문
c9fb753c703,2026-01-27,2026-01-27,1,28000,POS회원
cd731a21884,2026-02-22,2026-02-22,1,27400,POS회원
c0eabf228aa,2026-03-30,2026-03-30,1,20900,POS회원
c4626418c79,2026-03-22,2026-08-31,3,80600,예약
c7da09081e2,2025-10-17,2025-10-17,1,20000,예약
cb51adf3fcc,2025-12-18,2025-12-18,1,24600,예약
cec952e4092,2026-06-14,2026-08-31,4,77300,예약
c240f7e08ed,2026-05-18,2026-05-18,1,20900,멤버십
c5b89cdb28e,2025-10-11,2025-11-02,2,54800,배달재주문
c93041c2742,2026-03-16,2026-03-16,1,20600,POS회원
cca7e6b9128,2026-03-10,2026-03-10,1,26500,예약
c01f8bb091e,2025-11-22,2026-07-23,2,54700,배달재주문
c39730ad5a3,2026-06-24,2026-06-24,1,20400,예약
c70ed59807f,2025-12-01,2026-04-11,7,193600,예약
ca867a87f73,2026-05-14,2026-05-14,1,24300,POS회원
cdfe1f7584e,2026-04-30,2026-04-30,1,23600,예약
c175c47b1a7,2025-12-28,2025-12-28,1,19400,배달재주문
c4ed696869b,2025-11-23,2025-11-23,1,20100,멤버십
c8650e515c0,2026-07-22,2026-07-22,1,25300,배달재주문
cbdcb34eb3a,2025-09-15,2025-09-15,1,19900,멤버십
cf54583726b,2025-10-04,2026-01-05,8,176000,예약
c2cbfd373f8,2026-01-13,2026-08-31,5,134900,배달재주문
c643a22380d,2025-10-26,2025-10-26,1,22000,예약
c9bb471716b,2026-04-25,2026-04-25,1,23700,POS회원
cd32ec03667,2025-11-12,2025-11-12,1,19500,POS회원
c0aa9109108,2026-03-30,2026-03-30,1,23500,예약
c42235fd2ce,2026-03-29,2026-03-29,1,26800,멤버십
c799daef98b,2025-11-15,2025-11-15,1,21400,멤버십
cb117fd2d3b,2026-07-22,2026-07-22,1,20600,예약
ce8924ca146,2026-01-12,2026-01-12,1,19200,예약
c200c9c28f0,2026-01-16,2026-01-16,1,22100,POS회원
c5786ebbc26,2026-07-11,2026-07-11,1,27500,멤버십
c8f013a852f,2026-05-26,2026-08-31,4,107900,예약
cc67b89eb53,2025-10-25,2026-02-03,7,141000,예약
cfdf5d84a4b,2025-10-29,2025-12-27,3,64300,멤버십
c35702815a1,2025-09-18,2025-09-18,1,28700,예약
c6cea7733ba,2026-06-11,2026-06-11,1,25200,예약
ca464c6154f,2025-11-07,2025-11-07,1,24800,POS회원
cdbdf150163,2026-02-04,2026-05-27,3,61000,배달재주문
c1359654766,2025-10-22,2025-10-22,1,23900,배달재주문
c4ad3b44fa3,2025-09-09,2025-09-09,1,19400,멤버십
c824e031a1b,2026-03-21,2026-03-21,1,19700,배달재주문
cb9c8525969,2026-04-12,2026-04-12,1,23400,POS회원
cf142a1d8a5,2026-01-10,2026-06-14,2,46600,배달재주문
c28bcf1c6c7,2026-05-31,2026-05-31,1,25400,POS회원
c60374014f1,2026-05-17,2026-05-17,1,28800,배달재주문
c97b18fb43b,2026-05-14,2026-05-14,1,21500,배달재주문
ccf2bdeb484,2026-07-15,2026-08-31,5,107200,배달재주문
c06a62e44f9,2026-07-17,2026-08-31,8,202100,배달재주문
c3e207d1c4e,2026-03-21,2026-03-21,1,19300,멤버십
c759acc2e84,2026-04-01,2026-08-31,8,194200,예약
cad151b8b52,2026-04-17,2026-04-17,1,26400,배달재주문
ce48f6a1163,2026-01-27,2026-01-27,1,23800,배달재주문
c1c09ba37e9,2026-07-18,2026-07-18,1,23600,POS회원
c5384094b3a,2026-07-12,2026-07-12,1,26600,배달재주문
c8afe58b9f3,2026-01-13,2026-01-13,1,19700,예약
cc278a7c07a,2026-03-29,2026-04-09,8,190900,멤버십
cf9f2f6ae3c,2026-03-27,2026-06-20,4,99600,POS회원
c316d467304,2026-03-17,2026-03-17,1,24700,배달재주문
c68e795488c,2026-05-04,2026-05-04,1,23000,POS회원
ca061e46eac,2026-02-07,2026-02-07,1,22000,예약
cd7dc338cc3,2026-07-14,2026-08-31,3,74900,예약
c0f56831579,2026-07-06,2026-08-31,6,144900,예약
c46d0d23744,2026-04-21,2026-06-27,9,216200,POS회원
c7e4b2185e9,2026-01-28,2026-06-23,3,78700,배달재주문
cb5c570f551,2026-06-12,2026-06-12,1,23500,POS회원
ced3fbf787d,2026-07-07,2026-07-07,1,21900,배달재주문
c24ba0f2134,2025-11-05,2025-11-30,6,133800,멤버십
c5c345e4beb,2025-10-15,2026-02-03,4,115200,멤버십
c93aeadd800,2025-11-26,2025-11-26,1,23300,예약
ccb28fc6b27,2026-01-25,2026-03-10,5,130100,멤버십
c02a34c152f,2025-09-18,2025-10-24,6,123400,배달재주문
c3a1d9b9c53,2025-12-29,2025-12-29,1,21300,POS회원
c7197ea77f1,2025-09-18,2026-04-19,4,85600,예약
ca91239caa3,2026-06-27,2026-06-27,1,24600,예약
ce08c8824b6,2026-03-17,2026-03-17,1,22400,멤버십
c1806d8d0bd,2026-02-12,2026-02-12,1,22000,POS회원
c4f81273db7,2026-01-29,2026-03-30,3,73200,배달재주문
c86fb766fe4,2025-09-22,2026-02-27,2,52800,배달재주문
cbe75c5f855,2026-05-23,2026-05-23,1,20200,POS회원
cf5f014bda2,2026-02-22,2026-02-22,1,27400,멤버십
c2d6a642f37,2026-02-18,2026-02-18,1,19800,예약
c64e4b3195c,2026-06-10,2026-06-10,1,22300,멤버십
c9c5f0277bf,2026-07-06,2026-08-31,5,141200,POS회원
cd3d9514f42,2026-06-03,2026-08-31,6,141500,배달재주문
c0b53a19a1b,2025-12-08,2025-12-08,1,26000,예약
c42cdf0ba04,2025-12-31,2026-08-22,3,61500,POS회원
c7a483fd20e,2026-01-12,2026-08-06,8,175200,멤버십
cb1c28e776e,2025-11-06,2025-11-06,1,21700,POS회원
ce93cdda9cc,2026-01-05,2026-01-05,1,24500,멤버십
c20b72d5f57,2025-11-07,2026-06-28,4,102500,POS회원
c58317c42b2,2025-10-08,2025-10-08,1,24500,POS회원
c8fabcb0d32,2026-03-18,2026-03-18,1,20200,멤버십
cc7261a53c7,2025-09-20,2025-09-20,1,28600,POS회원
cfea0697518,2025-12-19,2026-04-21,5,124300,배달재주문
c361ab9098f,2025-12-29,2025-12-29,1,24100,멤버십
c6d9508be36,2026-02-22,2026-02-22,1,20100,예약
ca50f5782ae,2025-11-30,2025-11-30,1,21700,POS회원
cdc89a62bef,2026-03-24,2026-03-24,1,19200,배달재주문
c1403f68c03,2025-10-21,2025-10-21,1,28500,예약
c4b7e45f855,2026-06-12,2026-06-12,1,24700,예약
c82f894ff11,2026-01-17,2026-01-17,1,28300,배달재주문
cba72e3e4ee,2025-12-15,2025-12-15,1,21400,POS회원
cf1ed32688a,2026-01-04,2026-01-04,1,21200,예약
c2967828348,2026-05-28,2026-05-28,1,24600,멤버십
c60e1d17ac6,2026-01-12,2026-01-12,1,23500,배달재주문
c985c20d128,2026-06-02,2026-06-02,1,28400,멤버십
ccfd66f564c,2026-03-13,2026-03-13,1,23300,멤버십
c0750bfa7eb,2025-11-05,2025-11-05,1,26000,배달재주문
c3ecb0e0c3f,2025-09-09,2025-09-09,1,19400,멤버십
c76455da250,2026-06-25,2026-08-31,7,174600,멤버십
cadbfaccdcb,2025-12-24,2026-08-31,4,99300,예약
ce539fbf657,2025-12-09,2026-08-31,3,64800,멤버십
c1cb44b9f4d,2025-12-28,2026-07-13,7,178600,POS회원
c542e9a3038,2025-11-05,2025-11-05,1,27900,멤버십
c8ba8e9545f,2026-07-13,2026-08-31,4,83000,멤버십
cc32338c1b9,2025-10-20,2025-10-20,1,19400,멤버십
cfa9d8740de,2026-07-19,2026-07-19,1,28300,POS회원
c3217d7aff7,2025-10-12,2025-11-07,4,81900,멤버십
c699226e096,2026-07-26,2026-08-31,8,222900,멤버십
ca10c75595b,2026-02-19,2026-02-19,1,27700,POS회원
cd886c4b19b,2026-04-30,2026-04-30,1,22800,예약
c100114a2f5,2026-06-08,2026-06-08,1,19200,POS회원
c477b63775a,2025-12-30,2026-08-31,3,70400,멤버십
c7ef5b2fbf3,2026-01-31,2026-01-31,1,19400,POS회원
cb67001889e,2025-09-20,2025-09-20,1,25400,예약
cedea50c9d5,2025-09-06,2025-09-06,1,20200,POS회원
c2564a0c473,2025-12-19,2026-01-25,7,202300,예약
c5cdeef6bf6,2026-04-09,2026-04-09,1,22300,멤버십
c94593e95a3,2026-04-18,2026-04-18,1,22700,배달재주문
ccbd38d24e9,2026-07-13,2026-07-13,1,26200,멤버십
c034ddd3e04,2026-05-04,2026-08-05,7,196200,예약
c3ac82c1254,2026-05-29,2026-08-31,5,111200,예약
c72427b67d6,2026-04-16,2026-08-31,5,124000,배달재주문
ca9bcca5b93,2026-05-09,2026-06-07,5,98000,POS회원
ce13719cdbd,2026-02-06,2026-02-06,1,25700,멤버십
c18b169a815,2026-03-28,2026-07-29,6,153900,멤버십
c502bb8207a,2026-07-19,2026-07-19,1,27700,멤버십
c87a607276d,2026-02-12,2026-07-25,3,71700,배달재주문
cbf2056ed0d,2025-11-13,2025-11-13,1,23400,POS회원
cf69aa53930,2026-04-14,2026-08-31,8,199300,예약
c2e14f5643f,2026-05-28,2026-05-28,1,22300,예약
c658f442e04,2026-04-02,2026-08-31,6,125500,POS회원
c9d09931e03,2026-01-12,2026-01-12,1,28000,POS회원
cd483e27067,2026-03-11,2026-03-11,1,23100,예약
c0bfe320eff,2025-12-24,2025-12-24,1,20800,배달재주문
c437881482f,2026-06-29,2026-08-31,4,104600,배달재주문
c7af2d02ec0,2026-01-07,2026-06-20,4,111300,POS회원
cb26d1f644c,2025-11-01,2025-11-01,1,26900,예약
ce9e76eb774,2026-01-19,2026-02-09,5,134300,POS회원
c2161be4172,2026-03-29,2026-03-29,1,28900,예약
c58dc0d796e,2026-03-14,2026-08-31,2,54400,멤버십
c90565c92e7,2026-07-04,2026-07-04,1,28000,배달재주문
cc7d0abd3d0,2025-11-14,2026-08-31,3,57200,멤버십
cff4afa9b6a,2025-09-21,2025-12-01,3,80300,배달재주문
c36c54ab2e2,2025-09-14,2025-09-14,1,19200,POS회원
c6e3f990c60,2026-06-07,2026-06-07,1,21100,배달재주문
ca5b9e87d70,2026-07-23,2026-07-23,1,19100,멤버십
cdd34379036,2026-05-30,2026-05-30,1,28600,멤버십
c14ae87736f,2026-04-26,2026-08-16,3,72900,멤버십
c4c28d62551,2026-02-02,2026-02-02,1,24200,멤버십
c83a3258b07,2026-04-30,2026-04-30,1,26200,POS회원
cbb1d749131,2026-04-19,2026-04-19,1,21900,배달재주문
cf297c3afde,2025-10-22,2025-10-22,1,21900,예약
c2a1213cadb,2025-09-15,2025-09-15,1,21900,배달재주문
c618c626712,2025-09-06,2025-09-06,1,27600,예약
c9906b134d0,2026-01-03,2026-01-03,1,22400,POS회원
cd08100d6b5,2026-02-21,2026-02-21,1,25600,POS회원
c07fb507238,2025-11-06,2025-11-06,1,23800,예약
c3f759fab53,2026-02-18,2026-05-19,4,89700,예약
c76efee8360,2025-12-24,2026-02-23,9,203900,예약
cae6a3de8e5,2025-10-10,2025-10-10,1,25200,배달재주문
ce5e48c9a3d,2026-03-29,2026-08-11,3,60800,배달재주문
c1d5edcfe96,2026-07-14,2026-07-14,1,24200,POS회원
c54d92b2663,2026-02-09,2026-02-09,1,24200,멤버십
c8c537a355a,2025-11-30,2025-11-30,1,27300,예약
cc3cdc97151,2026-07-03,2026-07-03,1,26100,POS회원
cfb4818d8f6,2026-02-14,2026-02-14,1,24200,배달재주문
c32c268db4d,2026-05-15,2026-08-31,4,90600,배달재주문
c6a3cb7333b,2026-04-14,2026-08-31,3,84500,멤버십
ca1b706eb0b,2025-09-26,2026-06-22,7,156700,POS회원
cd931555f5f,2025-09-10,2025-09-10,1,26600,예약
c10aba52305,2026-05-05,2026-05-05,1,25100,예약
c4825f46584,2025-09-16,2025-09-16,1,21400,배달재주문
c7fa043ef91,2026-04-29,2026-04-29,1,28300,멤버십
cb71a92c0e1,2026-05-21,2026-05-21,1,26500,멤버십
cee94e13a21,2025-12-17,2025-12-17,1,19300,멤버십
c260f31d9dd,2025-12-27,2026-04-20,3,58600,POS회원
c5d89802fed,2026-01-27,2026-01-27,1,24700,멤버십
c9503cf5b07,2026-01-02,2026-06-14,4,86600,배달재주문
ccc7e1ee833,2026-05-19,2026-08-31,6,146400,예약
c03f86e4262,2025-12-30,2026-07-08,7,142400,멤버십
c3b72bd2eea,2026-01-14,2026-08-06,3,69700,배달재주문
c72ed0cc298,2026-02-04,2026-02-04,1,20800,멤버십
caa675b1ee4,2026-01-25,2026-01-25,1,26500,배달재주문
ce1e1aa8ca7,2025-11-24,2025-11-24,1,23300,멤버십
c195bfa9531,2026-01-02,2026-04-23,6,136800,POS회원
c50d649a7ae,2026-04-10,2026-04-10,1,22900,멤버십
c885098a56c,2026-07-09,2026-08-31,3,85600,POS회원
cbfcae76794,2025-12-19,2025-12-19,1,20200,배달재주문
cf745365ce1,2025-12-08,2025-12-08,1,22900,POS회원
c2ebf863b39,2026-07-04,2026-07-04,1,28500,배달재주문
c6639d537bb,2025-12-15,2026-07-13,2,40500,예약
c9db4243d59,2025-10-06,2025-10-06,1,24300,배달재주문
cd52e731bd9,2026-03-03,2026-03-03,1,21100,예약
c0ca8c3e414,2025-12-15,2025-12-15,1,20600,멤버십
c4423126ea2,2025-11-20,2025-11-20,1,22600,POS회원
c7b9d6185ee,2025-11-05,2025-11-05,1,24100,예약
cb317b07d98,2026-03-31,2026-08-31,3,85600,멤버십
cea91ff697f,2026-04-13,2026-04-13,1,21600,POS회원
c220c4f4ccf,2026-01-29,2026-05-23,3,64900,예약
c59869ef96f,2026-07-18,2026-08-24,9,226100,POS회원
c9100ed4d2c,2026-04-07,2026-04-07,1,25800,POS회원
cc87b3cb5c8,2026-06-30,2026-06-30,1,23000,배달재주문
cfff58b8201,2026-06-16,2026-08-31,6,147400,배달재주문
c376fdbda08,2025-10-13,2026-06-29,3,58700,예약
c6eea2af391,2026-01-07,2026-01-07,1,23000,멤버십
ca664792cef,2026-05-03,2026-05-03,1,20500,멤버십
cdddec8c7fa,2026-03-30,2026-03-30,1,22700,배달재주문
c1559186a26,2026-07-06,2026-08-31,3,60700,예약
c4cd3672418,2026-07-21,2026-08-31,8,221900,배달재주문
c844db6b10c,2025-10-15,2025-10-15,1,24600,예약
cbbc8057d6f,2026-05-12,2026-08-31,5,132900,멤버십
cf34254cfd7,2026-01-17,2026-07-21,3,67900,예약
c2abca4f53c,2025-12-17,2026-07-16,6,141200,멤버십
c6236f32c42,2026-03-15,2026-03-15,1,26700,POS회원
c99b142db53,2026-06-14,2026-06-14,1,26500,예약
cd12b9162fa,2025-09-05,2025-09-05,1,19100,POS회원
c08a5e16586,2025-10-17,2025-10-17,1,26400,멤버십
c402030f278,2025-09-09,2025-09-09,1,28100,멤버십
c779a7f5693,2026-04-18,2026-08-31,5,133000,배달재주문
caf14ce0805,2026-01-31,2026-01-31,1,28300,예약
ce68f1da372,2026-05-25,2026-07-05,7,178300,멤버십
c1e096d905a,2025-10-17,2025-11-03,4,83700,멤버십
c5583bc5d35,2025-11-04,2025-11-04,1,27600,예약
c8cfe0b5083,2026-04-18,2026-04-18,1,26800,배달재주문
cc4785a3d3f,2026-07-27,2026-08-31,7,165600,멤버십
cfbf2a90769,2026-07-18,2026-08-31,3,71500,POS회원
c336cf9fa1c,2026-05-31,2026-07-25,5,134600,멤버십
c6ae748f658,2026-02-07,2026-02-07,1,28100,예약
ca26197c266,2025-10-17,2026-06-21,8,174500,배달재주문
cd9dbe6ed3a,2026-02-22,2026-05-30,6,159500,배달재주문
c115636cc4e,2026-01-14,2026-03-07,4,87900,예약
c48d08526ec,2026-02-02,2026-02-02,1,25400,예약
c804ad43ccb,2026-07-01,2026-07-01,1,22400,멤버십
cb7c52300c2,2026-07-16,2026-07-16,1,27700,예약
cef3f724596,2025-10-03,2025-10-03,1,28500,POS회원
c26b9c26087,2026-03-30,2026-03-30,1,20600,POS회원
c5e3411e061,2025-11-18,2025-12-18,3,76000,POS회원
c95ae607041,2026-01-13,2026-01-13,1,20000,POS회원
ccd28af7da0,2025-12-07,2025-12-07,1,24500,POS회원
c04a2ff1d7c,2026-06-23,2026-07-03,6,117900,예약
c3c1d4e80f6,2026-01-07,2026-01-07,1,25700,예약
c73979d8095,2026-07-24,2026-08-31,7,152900,예약
cab11eceaed,2025-11-10,2025-11-10,1,22000,예약
ce28c3b5b95,2026-06-03,2026-08-09,3,70400,POS회원
c1a068b9544,2026-07-22,2026-07-22,1,21100,POS회원
c5180daad0e,2026-01-12,2026-01-12,1,28300,멤버십
c88fb29913a,2025-10-21,2025-10-21,1,28000,배달재주문
cc07578fe69,2026-04-28,2026-08-31,7,143900,멤버십
cf7efc78c2a,2026-02-08,2026-02-08,1,21000,예약
c2f6a17b0f9,2026-02-26,2026-02-26,1,25900,POS회원
c66e466f4fd,2026-05-18,2026-05-18,1,19700,멤버십
c9e5eb5d963,2026-03-29,2026-03-29,1,26900,예약
cd5d904a40b,2026-02-25,2026-05-13,4,87700,POS회원
c0d5354fef1,2026-07-22,2026-08-31,2,40000,예약
c44cda3f3d3,2026-06-23,2026-06-23,1,21500,멤버십
c7c47f204ca,2026-04-09,2026-04-09,1,19900,멤버십
cb3c241e10c,2026-07-11,2026-08-31,5,98200,멤버십
ceb3c903fb6,2026-03-29,2026-03-29,1,21800,멤버십
c22b6e041ac,2025-11-05,2025-12-11,4,102400,멤버십
c5a312f3601,2025-11-10,2026-03-02,4,112100,POS회원
c91ab7e750c,2026-03-13,2026-03-13,1,24500,멤버십
cc925cd48e6,2026-07-17,2026-07-17,1,25200,POS회원
c00a01d363e,2025-12-01,2026-04-04,5,111100,멤버십
c381a6cf524,2025-11-21,2025-11-21,1,28000,POS회원
c6f94bb9b78,2026-03-23,2026-04-15,4,101100,멤버십
ca70f0a6568,2025-12-21,2025-12-21,1,20400,멤버십
cde8959052c,2025-10-28,2025-10-28,1,22800,멤버십
c1603a94333,2025-10-14,2025-10-14,1,19900,POS회원
c4d7df88851,2026-01-18,2026-08-19,6,147800,POS회원
c84f847395c,2026-06-26,2026-08-31,6,124300,예약
cbc7296fcdd,2026-04-05,2026-05-11,8,229400,예약
cf3ece558ab,2026-06-02,2026-07-18,9,175400,멤버십
c2b67356c2c,2026-06-27,2026-06-27,1,27300,배달재주문
c62e1848e8f,2026-01-10,2026-01-10,1,19500,POS회원
c9a5bd3682c,2026-07-20,2026-07-20,1,23100,POS회원
cd1d6222133,2026-05-01,2026-05-01,1,20100,배달재주문
c0950727c7c,2026-02-05,2026-04-30,8,224700,POS회원
c40cac19678,2026-01-24,2026-01-24,1,26700,POS회원
c78451027ee,2026-05-13,2026-05-13,1,28700,POS회원
cafbf5f93ad,2026-04-03,2026-07-15,6,164300,POS회원
ce739ae9acf,2026-07-16,2026-07-16,1,27500,POS회원
c1eb3feedf9,2025-11-28,2026-01-02,5,95200,예약
c562e4d5e4d,2025-09-30,2026-03-18,4,104400,POS회원
c8da89ce473,2026-02-28,2026-02-28,1,19200,멤버십
cc522eb19ae,2025-12-11,2025-12-11,1,24100,멤버십
cfc9d3a0efd,2026-04-16,2026-04-16,1,22100,멤버십
c34178af7de,2026-04-21,2026-05-03,8,161400,배달재주문
c6b91d9fb84,2025-09-11,2025-09-11,1,24300,배달재주문
ca30c28103c,2026-02-02,2026-08-31,4,88700,POS회원
cda8677599d,2026-01-20,2026-01-20,1,19200,POS회원
c1200c7a261,2026-07-27,2026-08-31,4,103000,POS회원
c497b161d12,2026-02-14,2026-02-14,1,28100,배달재주문
c80f565c294,2025-09-11,2025-09-11,1,23200,POS회원
cb86fb4d963,2026-03-17,2026-03-17,1,19700,배달재주문
cefea03dfca,2025-10-05,2026-04-18,3,63200,멤버십
c276453698f,2025-11-04,2025-12-15,6,164200,배달재주문
c5edea2753d,2026-02-09,2026-02-09,1,28200,예약
c9658f13586,2026-07-20,2026-07-20,1,22800,배달재주문
ccdd340eb24,2025-12-06,2025-12-06,1,19100,멤버십
c054d900303,2026-03-12,2026-03-14,4,84500,예약
c3cc7df3771,2025-12-02,2025-12-02,1,21700,POS회원
c74422e82cb,2026-01-15,2026-01-15,1,23700,POS회원
cabbc7d1879,2026-06-07,2026-06-07,1,28600,예약
ce336ccaa44,2026-05-22,2026-05-22,1,19300,POS회원
c1ab11c3323,2026-06-02,2026-06-02,1,24500,배달재주문
c522b6b4d7a,2026-02-04,2026-02-04,1,20600,멤버십
c89a5ba1ad0,2025-11-04,2025-11-04,1,25900,배달재주문
cc120091a31,2026-04-27,2026-04-27,1,24200,예약
cf89a589356,2026-07-24,2026-08-31,3,68400,예약
c3014a8727a,2026-03-02,2026-03-02,1,21200,예약
c678ef753d5,2026-02-27,2026-02-27,1,28600,POS회원
c9f0946f6ae,2025-10-31,2025-12-04,7,179400,배달재주문
cd683952b33,2025-11-29,2025-11-29,1,23500,배달재주문
c0dfde530fa,2026-01-29,2026-05-17,4,109600,예약
c457834ec21,2025-09-27,2025-09-27,1,19800,POS회원
c7cf283fda9,2025-12-20,2026-08-31,5,118100,예약
cb46cd2de47,2026-01-15,2026-01-15,1,23900,배달재주문
cebe721c87b,2026-06-30,2026-06-30,1,27900,멤버십
c2361719702,2026-03-09,2026-03-09,1,20700,예약
c5adbc0cb7f,2026-02-07,2026-02-07,1,24700,예약
c92560f58fb,2026-02-27,2026-04-03,5,101000,멤버십
cc9d05ec6c7,2026-04-03,2026-04-03,1,19400,멤버십
c014aae0c68,2025-12-01,2025-12-01,1,27600,배달재주문
c38c4fd9bbc,2026-05-07,2026-05-07,1,25100,POS회원
c703f4c8324,2026-05-12,2026-05-12,1,27700,멤버십
ca7b99bf14a,2026-01-10,2026-01-10,1,27100,멤버십
cdf33ea31c7,2026-07-13,2026-07-13,1,21900,멤버십
c16ae3ae764,2025-11-16,2025-11-16,1,22800,POS회원
c4e2889d289,2026-03-08,2026-03-08,1,26000,예약
c85a2d829a7,2026-05-07,2026-08-31,9,258100,POS회원
cbd1d273515,2026-04-20,2026-08-31,5,106100,예약
cf497762aac,2025-09-26,2025-10-29,5,128600,배달재주문
c2c11c66f73,2026-07-21,2026-08-31,3,81800,POS회원
c638c15f152,2025-12-08,2025-12-08,1,20900,멤버십
c9b06642055,2025-12-23,2026-03-17,5,119800,배달재주문
cd280b3e998,2025-10-05,2025-10-05,1,19200,멤버십
c09fb03491b,2025-09-24,2025-09-24,1,19300,멤버십
c4175523fe9,2026-03-29,2026-03-29,1,23800,배달재주문
c78efa13d45,2026-06-28,2026-08-31,4,91000,멤버십
cb069f059b9,2025-10-11,2026-04-27,7,199300,POS회원
ce7e43f3628,2026-02-16,2026-08-31,3,59600,배달재주문
c1f5e8f8248,2025-12-03,2025-12-03,1,27600,POS회원
c56d8dea920,2025-12-09,2025-12-09,1,20200,예약
c8e532dac0e,2026-03-04,2026-08-31,7,144700,멤버십
cc5cd7ce478,2026-04-04,2026-04-04,1,20500,배달재주문
cfd47cbf6b5,2025-12-18,2026-04-20,3,85000,예약
c34c21b5bbc,2025-12-10,2026-01-25,7,151700,멤버십
c6c3c6a9e27,2026-05-18,2026-08-31,7,139400,POS회원
ca3b6b9f290,2026-04-24,2026-08-31,3,86400,POS회원
cdb3108995c,2025-11-16,2025-11-16,1,19700,예약
c12ab58557d,2026-02-11,2026-07-24,3,80800,POS회원
c4a25a71724,2026-07-15,2026-07-15,1,26500,예약
c819ff6efe5,2025-12-21,2026-01-19,8,174000,멤버십
cb91a454e86,2026-02-07,2026-08-31,3,84200,예약
cf09494333a,2025-09-10,2026-06-16,6,169800,예약
c280ee4e6ad,2026-05-07,2026-05-07,1,25300,POS회원
c5f89330bbb,2025-09-27,2026-07-07,8,166300,멤버십
c970382287e,2026-07-19,2026-08-31,7,133800,POS회원
cce7dd11fd9,2025-09-21,2025-09-21,1,21000,배달재주문
c05f8213f1a,2026-06-02,2026-08-31,3,59100,POS회원
c3d72701058,2026-04-23,2026-04-23,1,24000,배달재주문
c74ecbf28f0,2025-09-12,2025-09-12,1,23300,멤버십
cac670ee4ea,2025-10-13,2025-10-13,1,19300,배달재주문
ce3e15d4886,2025-09-10,2025-09-10,1,27800,멤버십
c1b5bad0227,2025-09-07,2025-09-07,1,28400,POS회원
c52d5fc3d61,2026-07-18,2026-08-31,3,78900,배달재주문
c8a504bf66a,2026-07-02,2026-07-12,7,142900,배달재주문
cc1ca9a5a75,2026-07-12,2026-07-12,1,22700,예약
cf944e99d86,2026-05-19,2026-05-19,1,21200,예약
c30bf39dd12,2025-11-04,2025-11-04,1,28600,예약
c683988b802,2025-10-22,2025-10-22,1,24300,POS회원
c9fb3d74fd7,2025-09-04,2026-02-07,5,125700,배달재주문
cd72e2696d6,2025-11-06,2026-01-21,3,58300,배달재주문
c0ea8761e04,2026-03-16,2026-03-16,1,19100,배달재주문
c4622c5c2ee,2025-11-06,2026-04-05,3,77700,예약
c7d9d145b82,2026-07-05,2026-07-05,1,21000,멤버십
cb51763efb4,2026-04-08,2026-05-31,4,76500,POS회원
cec91b2b75c,2025-10-25,2025-10-25,1,22900,POS회원
c240c027306,2026-06-14,2026-08-31,4,84900,배달재주문
c5b86519a51,2025-10-10,2025-10-10,1,20100,배달재주문
c9300a0f754,2025-10-17,2025-10-17,1,20800,배달재주문
cca7aefbfae,2025-11-23,2025-11-23,1,21400,멤버십
c01f53f7235,2026-07-05,2026-07-05,1,21700,배달재주문
c396f8ef58f,2026-07-05,2026-07-05,1,20500,POS회원
c70e9ddc652,2025-12-18,2025-12-18,1,20700,배달재주문
ca8642c1e32,2026-06-11,2026-08-14,8,224600,배달재주문
cdfde7bb64c,2025-09-21,2026-01-22,5,137800,배달재주문
c1758cba92e,2026-02-03,2026-02-03,1,28300,멤버십
c4ed31ae97a,2026-05-16,2026-05-23,7,135100,배달재주문
c864d69f145,2025-10-19,2026-04-01,5,128800,POS회원
cbdc7b8d305,2025-12-12,2025-12-12,1,20300,예약
cf54207f824,2026-02-01,2026-02-01,1,27500,멤버십
c2cbc576826,2025-12-13,2025-12-26,4,80700,배달재주문
c6436a62a04,2026-07-22,2026-08-31,4,79200,멤버십
c9bb0f5cfd3,2026-03-29,2026-03-29,1,24900,예약
cd32b44d14b,2026-07-14,2026-07-14,1,24900,배달재주문
c0aa594812b,2026-07-18,2026-07-18,1,20800,예약
c421fe384f0,2026-03-02,2026-03-02,1,19500,예약
c799a32f4dc,2025-12-07,2025-12-07,1,20300,배달재주문
cb11481b638,2025-12-05,2025-12-05,1,20400,예약
ce88ed00db2,2026-04-10,2026-06-18,5,140500,예약
c200920fc9a,2026-04-01,2026-04-01,1,21200,멤버십
c57836faf44,2025-10-23,2025-10-23,1,22100,예약
c8efdbe88a2,2025-10-16,2025-12-09,3,80600,POS회원
cc6780dc627,2025-12-14,2025-12-14,1,22200,배달재주문
cfdf25c34e9,2026-07-13,2026-08-24,4,91100,POS회원
c356cac3106,2025-09-24,2025-12-21,8,163900,POS회원
c6ce6fb3e9f,2025-12-19,2025-12-19,1,25800,예약
ca4614a92d0,2026-06-21,2026-08-31,3,57200,POS회원
cdbdb995f63,2025-11-19,2025-11-19,1,19900,예약
c1355e9b8aa,2025-11-26,2025-11-26,1,24500,예약
c4ad0381695,2026-05-18,2026-08-31,5,104800,멤버십
c824a87a4dd,2026-02-01,2026-02-01,1,24600,멤버십
cb9c4d674e0,2025-11-23,2025-11-23,1,23000,멤버십
cf13f256f78,2026-05-16,2026-08-31,9,191800,예약
c28b9756a44,2026-07-04,2026-08-31,4,94200,배달재주문
c6033c4ec31,2026-06-20,2026-07-03,5,105400,POS회원
c97ae130dd3,2025-11-26,2026-07-20,6,167500,POS회원
ccf28624cee,2026-05-03,2026-08-31,3,77800,멤버십
c06a2b2f3bf,2025-12-21,2026-03-07,7,194100,예약
c3e1d01d410,2025-10-17,2025-10-17,1,20900,POS회원
c759750dcf7,2026-05-25,2026-05-25,1,25500,배달재주문
cad119f8384,2026-06-29,2026-08-31,7,185400,멤버십
ce48beebb0d,2025-12-13,2026-05-30,5,117100,예약
c1c063e7aaa,2026-02-22,2026-02-22,1,24600,배달재주문
c53808ddd65,2026-04-01,2026-04-01,1,27800,예약
c8afadc3868,2026-02-01,2026-02-01,1,24700,배달재주문
cc2752b1a8f,2026-03-23,2026-08-31,3,64200,예약
cf9ef7ab909,2026-05-23,2026-05-23,1,27000,POS회원
c3169ca5353,2026-04-07,2026-08-31,7,184500,예약
c68e419bdd5,2026-06-03,2026-06-03,1,22700,배달재주문
ca05e68b298,2026-04-29,2026-04-29,1,25000,멤버십
cd7d8b72c20,2026-03-06,2026-03-06,1,28800,멤버십
c0f5307216a,2026-06-15,2026-08-31,5,128900,POS회원
c46cd562932,2025-11-22,2025-11-22,1,24900,POS회원
c7e47a55add,2026-03-04,2026-03-04,1,23600,배달재주문
cb5c1f4d2a1,2026-04-30,2026-04-30,1,27500,멤버십
ced3c4394cc,2026-02-12,2026-02-12,1,20800,예약
c24b693fbc8,2025-12-20,2025-12-20,1,25300,POS회원
c5c30e2bf89,2025-09-11,2025-09-11,1,19900,배달재주문
c93ab31d99d,2025-12-14,2025-12-14,1,26300,POS회원
ccb258089e5,2025-12-13,2026-07-26,6,169100,POS회원
c029fd01261,2025-12-13,2025-12-13,1,22100,POS회원
c3a1a1f72dc,2026-03-04,2026-03-04,1,22600,멤버십
c71946eae8d,2026-06-06,2026-06-06,1,22600,배달재주문
ca90ebde7e0,2025-12-28,2026-02-25,7,164600,예약
ce0890c07c1,2026-02-08,2026-06-06,3,66500,예약
c18035cb0ee,2026-03-12,2026-03-12,1,19000,멤버십
c4f7dabf05a,2026-01-04,2026-01-04,1,23400,예약
c86f7fa1855,2025-09-07,2025-09-07,1,19500,예약
cbe72491eeb,2025-12-26,2025-12-26,1,22700,예약
cf5ec98073b,2025-11-23,2025-11-23,1,20200,POS회원
c2d66e86a06,2026-06-25,2026-06-25,1,23700,POS회원
