거래일시,입금액,출금액,잔액,거래상대방,적요
2025-09-02 09:04,0,217200,12182800,망원시장 상회,식재료비
2025-09-03 09:12,328990,0,12511790,카드정산사,카드 매출 정산 입금
2025-09-03 20:40,43000,0,12554790,자동입출금기,현금 매출 입금
2025-09-03 10:39,0,144600,12410190,망원시장 상회,식재료비
2025-09-03 10:01,0,146000,12264190,우리쌀도정,곡물 매입
2025-09-04 09:12,527960,0,12792150,카드정산사,카드 매출 정산 입금
2025-09-04 10:58,0,187400,12604750,한빛수산,수산물 매입
2025-09-05 09:12,556520,0,13161270,카드정산사,카드 매출 정산 입금
2025-09-05 08:20,0,178000,12983270,망원시장 상회,식재료비
2025-09-05 08:18,0,154600,12828670,한빛수산,수산물 매입
2025-09-05 10:00,0,2300000,10528670,한빛빌딩 임대,월 임차료
2025-09-05 10:00,0,240000,10288670,관리사무소,공용관리비
2025-09-06 09:12,694420,0,10983090,카드정산사,카드 매출 정산 입금
2025-09-06 20:40,238000,0,11221090,자동입출금기,현금 매출 입금
2025-09-06 10:19,0,202100,11018990,망원시장 상회,식재료비
2025-09-07 09:12,769280,0,11788270,카드정산사,카드 매출 정산 입금
2025-09-07 09:51,0,142200,11646070,한빛수산,수산물 매입
2025-09-08 09:12,603800,0,12249870,카드정산사,카드 매출 정산 입금
2025-09-09 09:12,418620,0,12668490,카드정산사,카드 매출 정산 입금
2025-09-09 20:40,87000,0,12755490,자동입출금기,현금 매출 입금
2025-09-09 09:55,0,181500,12573990,망원시장 상회,식재료비
2025-09-09 10:06,0,143200,12430790,우리쌀도정,곡물 매입
2025-09-10 11:30,0,4633000,7797790,급여이체,직원 급여
2025-09-11 09:12,382180,0,8179970,카드정산사,카드 매출 정산 입금
2025-09-12 09:12,417640,0,8597610,카드정산사,카드 매출 정산 입금
2025-09-12 20:40,255000,0,8852610,자동입출금기,현금 매출 입금
2025-09-13 09:12,709200,0,9561810,카드정산사,카드 매출 정산 입금
2025-09-14 09:12,713140,0,10274950,카드정산사,카드 매출 정산 입금
2025-09-14 10:04,0,140400,10134550,한빛수산,수산물 매입
2025-09-15 09:12,758450,0,10893000,카드정산사,카드 매출 정산 입금
2025-09-15 20:40,148000,0,11041000,자동입출금기,현금 매출 입금
2025-09-15 10:34,0,177800,10863200,망원시장 상회,식재료비
2025-09-16 09:12,407790,0,11270990,카드정산사,카드 매출 정산 입금
2025-09-16 08:14,0,199400,11071590,망원시장 상회,식재료비
2025-09-17 09:12,323080,0,11394670,카드정산사,카드 매출 정산 입금
2025-09-17 09:41,0,210400,11184270,망원시장 상회,식재료비
2025-09-17 08:40,0,163000,11021270,한빛수산,수산물 매입
2025-09-18 09:12,663890,0,11685160,카드정산사,카드 매출 정산 입금
2025-09-18 20:40,142000,0,11827160,자동입출금기,현금 매출 입금
2025-09-18 10:27,0,156100,11671060,한빛수산,수산물 매입
2025-09-19 09:12,266930,0,11937990,카드정산사,카드 매출 정산 입금
2025-09-19 08:38,0,162800,11775190,망원시장 상회,식재료비
2025-09-19 10:24,0,164400,11610790,한빛수산,수산물 매입
2025-09-19 08:56,0,128200,11482590,우리쌀도정,곡물 매입
2025-09-20 09:12,405330,0,11887920,카드정산사,카드 매출 정산 입금
2025-09-20 10:46,0,207900,11680020,망원시장 상회,식재료비
2025-09-20 14:00,0,993000,10687020,기타 운영비,공과금·소모품·수수료
2025-09-21 09:12,652070,0,11339090,카드정산사,카드 매출 정산 입금
2025-09-21 20:40,163000,0,11502090,자동입출금기,현금 매출 입금
2025-09-21 10:02,0,144900,11357190,망원시장 상회,식재료비
2025-09-22 09:12,546670,0,11903860,카드정산사,카드 매출 정산 입금
2025-09-23 09:12,358540,0,12262400,카드정산사,카드 매출 정산 입금
2025-09-23 10:42,0,178500,12083900,우리쌀도정,곡물 매입
2025-09-24 20:40,144000,0,12227900,자동입출금기,현금 매출 입금
2025-09-24 09:59,0,203300,12024600,한빛수산,수산물 매입
2025-09-25 09:12,588040,0,12612640,카드정산사,카드 매출 정산 입금
2025-09-25 09:35,0,198300,12414340,한빛수산,수산물 매입
2025-09-25 09:00,0,780000,11634340,한빛은행 대출상환,대출 원리금 상환
2025-09-25 09:00,0,370000,11264340,소상공인정책자금 상환,대출 원리금 상환
2025-09-26 09:12,483630,0,11747970,카드정산사,카드 매출 정산 입금
2025-09-26 08:54,0,142100,11605870,망원시장 상회,식재료비
2025-09-27 09:12,531900,0,12137770,카드정산사,카드 매출 정산 입금
2025-09-27 20:40,173000,0,12310770,자동입출금기,현금 매출 입금
2025-09-27 09:01,0,206100,12104670,망원시장 상회,식재료비
2025-09-28 09:12,772240,0,12876910,카드정산사,카드 매출 정산 입금
2025-09-29 09:12,763370,0,13640280,카드정산사,카드 매출 정산 입금
2025-09-29 10:35,0,181600,13458680,한빛수산,수산물 매입
2025-09-29 08:30,0,179700,13278980,우리쌀도정,곡물 매입
2025-09-30 09:12,402860,0,13681840,카드정산사,카드 매출 정산 입금
2025-09-30 20:40,112000,0,13793840,자동입출금기,현금 매출 입금
2025-09-30 10:08,0,181400,13612440,망원시장 상회,식재료비
2025-09-30 08:53,0,193300,13419140,우리쌀도정,곡물 매입
2025-10-01 09:12,357550,0,13776690,카드정산사,카드 매출 정산 입금
2025-10-01 10:27,0,226000,13550690,망원시장 상회,식재료비
2025-10-01 08:45,0,159400,13391290,한빛수산,수산물 매입
2025-10-01 10:38,0,210000,13181290,우리쌀도정,곡물 매입
2025-10-02 09:12,401880,0,13583170,카드정산사,카드 매출 정산 입금
2025-10-02 09:33,0,167400,13415770,한빛수산,수산물 매입
2025-10-02 08:00,0,211200,13204570,우리쌀도정,곡물 매입
2025-10-03 09:12,501360,0,13705930,카드정산사,카드 매출 정산 입금
2025-10-03 20:40,208000,0,13913930,자동입출금기,현금 매출 입금
2025-10-03 10:58,0,160400,13753530,망원시장 상회,식재료비
2025-10-04 09:12,494470,0,14248000,카드정산사,카드 매출 정산 입금
2025-10-04 09:19,0,222200,14025800,망원시장 상회,식재료비
2025-10-05 09:12,680630,0,14706430,카드정산사,카드 매출 정산 입금
2025-10-05 08:43,0,210300,14496130,망원시장 상회,식재료비
2025-10-05 10:00,0,2300000,12196130,한빛빌딩 임대,월 임차료
2025-10-05 10:00,0,240000,11956130,관리사무소,공용관리비
2025-10-06 09:12,586070,0,12542200,카드정산사,카드 매출 정산 입금
2025-10-06 20:40,116000,0,12658200,자동입출금기,현금 매출 입금
2025-10-06 09:29,0,207300,12450900,망원시장 상회,식재료비
2025-10-06 08:53,0,188300,12262600,우리쌀도정,곡물 매입
2025-10-07 09:12,466890,0,12729490,카드정산사,카드 매출 정산 입금
2025-10-08 09:12,532880,0,13262370,카드정산사,카드 매출 정산 입금
2025-10-08 09:54,0,226200,13036170,망원시장 상회,식재료비
2025-10-08 08:44,0,153800,12882370,우리쌀도정,곡물 매입
2025-10-09 09:12,421580,0,13303950,카드정산사,카드 매출 정산 입금
2025-10-09 20:40,176000,0,13479950,자동입출금기,현금 매출 입금
2025-10-09 09:06,0,144900,13335050,망원시장 상회,식재료비
2025-10-09 09:43,0,175100,13159950,한빛수산,수산물 매입
2025-10-10 09:12,547660,0,13707610,카드정산사,카드 매출 정산 입금
2025-10-10 10:38,0,151800,13555810,망원시장 상회,식재료비
2025-10-10 09:45,0,146700,13409110,우리쌀도정,곡물 매입
2025-10-10 11:30,0,4956000,8453110,급여이체,직원 급여
2025-10-11 09:12,494470,0,8947580,카드정산사,카드 매출 정산 입금
2025-10-11 10:38,0,210300,8737280,한빛수산,수산물 매입
2025-10-11 08:47,0,163300,8573980,우리쌀도정,곡물 매입
2025-10-12 09:12,765340,0,9339320,카드정산사,카드 매출 정산 입금
2025-10-12 20:40,102000,0,9441320,자동입출금기,현금 매출 입금
2025-10-12 10:01,0,227400,9213920,망원시장 상회,식재료비
2025-10-13 09:12,716090,0,9930010,카드정산사,카드 매출 정산 입금
2025-10-14 09:12,420990,0,10351000,카드정산사,카드 매출 정산 입금
2025-10-14 09:13,0,193100,10157900,망원시장 상회,식재료비
2025-10-14 09:16,0,188200,9969700,한빛수산,수산물 매입
2025-10-15 20:40,87000,0,10056700,자동입출금기,현금 매출 입금
2025-10-15 10:06,0,196000,9860700,망원시장 상회,식재료비
2025-10-15 08:39,0,191100,9669600,한빛수산,수산물 매입
2025-10-15 10:18,0,136300,9533300,우리쌀도정,곡물 매입
2025-10-16 09:12,400800,0,9934100,카드정산사,카드 매출 정산 입금
2025-10-16 09:12,0,213900,9720200,우리쌀도정,곡물 매입
2025-10-17 09:12,602430,0,10322630,카드정산사,카드 매출 정산 입금
2025-10-17 10:44,0,168700,10153930,망원시장 상회,식재료비
2025-10-18 09:12,575240,0,10729170,카드정산사,카드 매출 정산 입금
2025-10-18 20:40,227000,0,10956170,자동입출금기,현금 매출 입금
2025-10-18 08:16,0,172900,10783270,망원시장 상회,식재료비
2025-10-18 09:01,0,188300,10594970,우리쌀도정,곡물 매입
2025-10-19 09:12,813610,0,11408580,카드정산사,카드 매출 정산 입금
2025-10-19 09:04,0,206200,11202380,망원시장 상회,식재료비
2025-10-19 10:53,0,163800,11038580,한빛수산,수산물 매입
2025-10-20 09:12,428470,0,11467050,카드정산사,카드 매출 정산 입금
2025-10-20 09:04,0,211600,11255450,망원시장 상회,식재료비
2025-10-20 14:00,0,1062000,10193450,기타 운영비,공과금·소모품·수수료
2025-10-21 09:12,503330,0,10696780,카드정산사,카드 매출 정산 입금
2025-10-21 20:40,215000,0,10911780,자동입출금기,현금 매출 입금
2025-10-21 09:27,0,211100,10700680,한빛수산,수산물 매입
2025-10-22 09:12,446200,0,11146880,카드정산사,카드 매출 정산 입금
2025-10-23 09:12,442260,0,11589140,카드정산사,카드 매출 정산 입금
2025-10-24 09:12,509240,0,12098380,카드정산사,카드 매출 정산 입금
2025-10-24 20:40,171000,0,12269380,자동입출금기,현금 매출 입금
2025-10-25 09:12,656010,0,12925390,카드정산사,카드 매출 정산 입금
2025-10-25 09:00,0,780000,12145390,한빛은행 대출상환,대출 원리금 상환
2025-10-25 09:00,0,370000,11775390,소상공인정책자금 상환,대출 원리금 상환
2025-10-26 09:12,555540,0,12330930,카드정산사,카드 매출 정산 입금
2025-10-27 09:12,454080,0,12785010,카드정산사,카드 매출 정산 입금
2025-10-27 20:40,78000,0,12863010,자동입출금기,현금 매출 입금
2025-10-28 09:12,543720,0,13406730,카드정산사,카드 매출 정산 입금
2025-10-30 09:12,460980,0,13867710,카드정산사,카드 매출 정산 입금
2025-10-30 20:40,92000,0,13959710,자동입출금기,현금 매출 입금
2025-10-31 09:12,535840,0,14495550,카드정산사,카드 매출 정산 입금
2025-11-01 09:12,618580,0,15114130,카드정산사,카드 매출 정산 입금
2025-11-01 10:53,0,184700,14929430,망원시장 상회,식재료비
2025-11-01 08:04,0,161000,14768430,한빛수산,수산물 매입
2025-11-02 09:12,638280,0,15406710,카드정산사,카드 매출 정산 입금
2025-11-02 09:06,0,196000,15210710,망원시장 상회,식재료비
2025-11-02 08:50,0,192400,15018310,한빛수산,수산물 매입
2025-11-03 09:12,645170,0,15663480,카드정산사,카드 매출 정산 입금
2025-11-03 20:40,222000,0,15885480,자동입출금기,현금 매출 입금
2025-11-03 08:28,0,160600,15724880,한빛수산,수산물 매입
2025-11-04 09:12,469840,0,16194720,카드정산사,카드 매출 정산 입금
2025-11-04 08:03,0,206100,15988620,망원시장 상회,식재료비
2025-11-05 09:12,575240,0,16563860,카드정산사,카드 매출 정산 입금
2025-11-05 10:24,0,165900,16397960,망원시장 상회,식재료비
2025-11-05 10:00,0,2300000,14097960,한빛빌딩 임대,월 임차료
2025-11-05 10:00,0,240000,13857960,관리사무소,공용관리비
2025-11-06 09:12,503330,0,14361290,카드정산사,카드 매출 정산 입금
2025-11-06 20:40,135000,0,14496290,자동입출금기,현금 매출 입금
2025-11-06 10:58,0,203900,14292390,망원시장 상회,식재료비
2025-11-06 08:22,0,221300,14071090,한빛수산,수산물 매입
2025-11-07 09:12,485600,0,14556690,카드정산사,카드 매출 정산 입금
2025-11-08 09:12,671770,0,15228460,카드정산사,카드 매출 정산 입금
2025-11-08 08:07,0,189800,15038660,한빛수산,수산물 매입
2025-11-09 09:12,765340,0,15804000,카드정산사,카드 매출 정산 입금
2025-11-09 20:40,161000,0,15965000,자동입출금기,현금 매출 입금
2025-11-09 08:24,0,152900,15812100,망원시장 상회,식재료비
2025-11-09 08:59,0,212500,15599600,우리쌀도정,곡물 매입
2025-11-10 09:12,525990,0,16125590,카드정산사,카드 매출 정산 입금
2025-11-10 11:30,0,4868000,11257590,급여이체,직원 급여
2025-11-11 09:12,328000,0,11585590,카드정산사,카드 매출 정산 입금
2025-11-11 10:22,0,169100,11416490,망원시장 상회,식재료비
2025-11-12 20:40,77000,0,11493490,자동입출금기,현금 매출 입금
2025-11-12 10:06,0,177900,11315590,망원시장 상회,식재료비
2025-11-12 08:07,0,199800,11115790,한빛수산,수산물 매입
2025-11-13 09:12,518110,0,11633900,카드정산사,카드 매출 정산 입금
2025-11-13 09:29,0,183600,11450300,망원시장 상회,식재료비
2025-11-14 09:12,535840,0,11986140,카드정산사,카드 매출 정산 입금
2025-11-14 09:57,0,159800,11826340,망원시장 상회,식재료비
2025-11-15 09:12,713140,0,12539480,카드정산사,카드 매출 정산 입금
2025-11-15 20:40,117000,0,12656480,자동입출금기,현금 매출 입금
2025-11-15 09:23,0,203500,12452980,망원시장 상회,식재료비
2025-11-16 09:12,808680,0,13261660,카드정산사,카드 매출 정산 입금
2025-11-17 09:12,563420,0,13825080,카드정산사,카드 매출 정산 입금
2025-11-18 09:12,402860,0,14227940,카드정산사,카드 매출 정산 입금
2025-11-18 20:40,97000,0,14324940,자동입출금기,현금 매출 입금
2025-11-19 09:12,425520,0,14750460,카드정산사,카드 매출 정산 입금
2025-11-19 08:37,0,155300,14595160,망원시장 상회,식재료비
2025-11-19 10:12,0,159800,14435360,한빛수산,수산물 매입
2025-11-20 09:12,547660,0,14983020,카드정산사,카드 매출 정산 입금
2025-11-20 08:32,0,174100,14808920,한빛수산,수산물 매입
2025-11-20 10:59,0,140400,14668520,우리쌀도정,곡물 매입
2025-11-20 14:00,0,1043000,13625520,기타 운영비,공과금·소모품·수수료
2025-11-21 09:12,434380,0,14059900,카드정산사,카드 매출 정산 입금
2025-11-21 20:40,230000,0,14289900,자동입출금기,현금 매출 입금
2025-11-22 09:12,634340,0,14924240,카드정산사,카드 매출 정산 입금
2025-11-22 08:33,0,171300,14752940,한빛수산,수산물 매입
2025-11-23 09:12,625470,0,15378410,카드정산사,카드 매출 정산 입금
2025-11-23 09:18,0,208600,15169810,망원시장 상회,식재료비
2025-11-23 08:11,0,227600,14942210,한빛수산,수산물 매입
2025-11-24 09:12,565980,0,15508190,카드정산사,카드 매출 정산 입금
2025-11-24 20:40,142000,0,15650190,자동입출금기,현금 매출 입금
2025-11-25 09:12,571300,0,16221490,카드정산사,카드 매출 정산 입금
2025-11-25 09:00,0,780000,15441490,한빛은행 대출상환,대출 원리금 상환
2025-11-25 09:00,0,370000,15071490,소상공인정책자금 상환,대출 원리금 상환
2025-11-26 08:15,0,153700,14917790,망원시장 상회,식재료비
2025-11-26 10:29,0,224000,14693790,한빛수산,수산물 매입
2025-11-27 09:12,501360,0,15195150,카드정산사,카드 매출 정산 입금
2025-11-27 20:40,275000,0,15470150,자동입출금기,현금 매출 입금
2025-11-27 08:26,0,221400,15248750,한빛수산,수산물 매입
2025-11-28 09:12,508260,0,15757010,카드정산사,카드 매출 정산 입금
2025-11-28 08:44,0,173800,15583210,망원시장 상회,식재료비
2025-11-29 09:12,551600,0,16134810,카드정산사,카드 매출 정산 입금
2025-11-29 09:53,0,213400,15921410,한빛수산,수산물 매입
2025-11-29 08:58,0,184700,15736710,우리쌀도정,곡물 매입
2025-11-30 09:12,689500,0,16426210,카드정산사,카드 매출 정산 입금
2025-11-30 20:40,106000,0,16532210,자동입출금기,현금 매출 입금
2025-12-01 09:12,605770,0,17137980,카드정산사,카드 매출 정산 입금
2025-12-01 10:10,0,203600,16934380,우리쌀도정,곡물 매입
2025-12-02 09:12,485600,0,17419980,카드정산사,카드 매출 정산 입금
2025-12-02 09:04,0,141300,17278680,망원시장 상회,식재료비
2025-12-03 09:12,451130,0,17729810,카드정산사,카드 매출 정산 입금
2025-12-03 20:40,200000,0,17929810,자동입출금기,현금 매출 입금
2025-12-03 09:35,0,150800,17779010,한빛수산,수산물 매입
2025-12-03 08:31,0,143100,17635910,우리쌀도정,곡물 매입
2025-12-04 09:12,551600,0,18187510,카드정산사,카드 매출 정산 입금
2025-12-04 10:42,0,218500,17969010,한빛수산,수산물 매입
2025-12-05 09:12,531900,0,18500910,카드정산사,카드 매출 정산 입금
2025-12-05 10:59,0,217200,18283710,망원시장 상회,식재료비
2025-12-05 09:44,0,212400,18071310,한빛수산,수산물 매입
2025-12-05 10:00,0,2300000,15771310,한빛빌딩 임대,월 임차료
2025-12-05 10:00,0,240000,15531310,관리사무소,공용관리비
2025-12-06 09:12,536820,0,16068130,카드정산사,카드 매출 정산 입금
2025-12-06 20:40,293000,0,16361130,자동입출금기,현금 매출 입금
2025-12-06 10:45,0,220700,16140430,한빛수산,수산물 매입
2025-12-07 09:12,740720,0,16881150,카드정산사,카드 매출 정산 입금
2025-12-07 09:22,0,180600,16700550,망원시장 상회,식재료비
2025-12-08 09:12,539780,0,17240330,카드정산사,카드 매출 정산 입금
2025-12-09 09:12,311260,0,17551590,카드정산사,카드 매출 정산 입금
2025-12-09 20:40,103000,0,17654590,자동입출금기,현금 매출 입금
2025-12-09 09:27,0,143000,17511590,망원시장 상회,식재료비
2025-12-09 08:38,0,218900,17292690,한빛수산,수산물 매입
2025-12-10 09:56,0,200100,17092590,한빛수산,수산물 매입
2025-12-10 11:30,0,4962000,12130590,급여이체,직원 급여
2025-12-11 09:12,471810,0,12602400,카드정산사,카드 매출 정산 입금
2025-12-11 08:58,0,193700,12408700,망원시장 상회,식재료비
2025-12-12 09:12,681620,0,13090320,카드정산사,카드 매출 정산 입금
2025-12-12 20:40,227000,0,13317320,자동입출금기,현금 매출 입금
2025-12-12 08:07,0,229000,13088320,한빛수산,수산물 매입
2025-12-13 09:12,451130,0,13539450,카드정산사,카드 매출 정산 입금
2025-12-14 09:12,689500,0,14228950,카드정산사,카드 매출 정산 입금
2025-12-14 10:44,0,229300,13999650,망원시장 상회,식재료비
2025-12-14 09:10,0,218100,13781550,한빛수산,수산물 매입
2025-12-15 09:12,591000,0,14372550,카드정산사,카드 매출 정산 입금
2025-12-15 20:40,67000,0,14439550,자동입출금기,현금 매출 입금
2025-12-15 10:26,0,196300,14243250,한빛수산,수산물 매입
2025-12-16 09:12,542730,0,14785980,카드정산사,카드 매출 정산 입금
2025-12-16 09:11,0,138800,14647180,망원시장 상회,식재료비
2025-12-16 10:29,0,191100,14456080,우리쌀도정,곡물 매입
2025-12-17 09:12,474770,0,14930850,카드정산사,카드 매출 정산 입금
2025-12-17 09:47,0,212200,14718650,망원시장 상회,식재료비
2025-12-18 09:12,400890,0,15119540,카드정산사,카드 매출 정산 입금
2025-12-18 20:40,157000,0,15276540,자동입출금기,현금 매출 입금
2025-12-18 10:49,0,176400,15100140,망원시장 상회,식재료비
2025-12-18 09:58,0,176100,14924040,한빛수산,수산물 매입
2025-12-18 09:50,0,164100,14759940,우리쌀도정,곡물 매입
2025-12-19 09:12,391040,0,15150980,카드정산사,카드 매출 정산 입금
2025-12-19 10:26,0,226900,14924080,망원시장 상회,식재료비
2025-12-19 10:45,0,217000,14707080,한빛수산,수산물 매입
2025-12-20 09:12,695410,0,15402490,카드정산사,카드 매출 정산 입금
2025-12-20 10:01,0,178200,15224290,망원시장 상회,식재료비
2025-12-20 14:00,0,1063000,14161290,기타 운영비,공과금·소모품·수수료
2025-12-21 09:12,496440,0,14657730,카드정산사,카드 매출 정산 입금
2025-12-21 20:40,256000,0,14913730,자동입출금기,현금 매출 입금
2025-12-21 08:41,0,184700,14729030,망원시장 상회,식재료비
2025-12-22 09:12,734810,0,15463840,카드정산사,카드 매출 정산 입금
2025-12-23 09:12,465900,0,15929740,카드정산사,카드 매출 정산 입금
2025-12-24 20:40,71000,0,16000740,자동입출금기,현금 매출 입금
2025-12-24 08:37,0,155700,15845040,망원시장 상회,식재료비
2025-12-25 09:12,530910,0,16375950,카드정산사,카드 매출 정산 입금
2025-12-25 10:26,0,174500,16201450,망원시장 상회,식재료비
2025-12-25 10:10,0,157500,16043950,한빛수산,수산물 매입
2025-12-25 09:00,0,780000,15263950,한빛은행 대출상환,대출 원리금 상환
2025-12-25 09:00,0,370000,14893950,소상공인정책자금 상환,대출 원리금 상환
2025-12-26 09:12,485510,0,15379460,카드정산사,카드 매출 정산 입금
2025-12-26 09:57,0,153300,15226160,망원시장 상회,식재료비
2025-12-26 09:27,0,195200,15030960,우리쌀도정,곡물 매입
2025-12-27 09:12,533870,0,15564830,카드정산사,카드 매출 정산 입금
2025-12-27 20:40,208000,0,15772830,자동입출금기,현금 매출 입금
2025-12-28 09:12,781100,0,16553930,카드정산사,카드 매출 정산 입금
2025-12-29 09:12,495450,0,17049380,카드정산사,카드 매출 정산 입금
2025-12-30 09:12,517120,0,17566500,카드정산사,카드 매출 정산 입금
2025-12-30 20:40,123000,0,17689500,자동입출금기,현금 매출 입금
2025-12-31 09:12,432410,0,18121910,카드정산사,카드 매출 정산 입금
2026-01-01 09:12,606760,0,18728670,카드정산사,카드 매출 정산 입금
2026-01-01 08:40,0,170800,18557870,한빛수산,수산물 매입
2026-01-02 09:12,578190,0,19136060,카드정산사,카드 매출 정산 입금
2026-01-02 09:19,0,179600,18956460,망원시장 상회,식재료비
2026-01-03 09:12,456050,0,19412510,카드정산사,카드 매출 정산 입금
2026-01-03 20:40,218000,0,19630510,자동입출금기,현금 매출 입금
2026-01-03 10:17,0,187900,19442610,망원시장 상회,식재료비
2026-01-04 09:12,613650,0,20056260,카드정산사,카드 매출 정산 입금
2026-01-04 09:00,0,144000,19912260,망원시장 상회,식재료비
2026-01-05 09:12,611680,0,20523940,카드정산사,카드 매출 정산 입금
2026-01-05 09:47,0,159100,20364840,망원시장 상회,식재료비
2026-01-05 08:41,0,151800,20213040,한빛수산,수산물 매입
2026-01-05 10:00,0,2300000,17913040,한빛빌딩 임대,월 임차료
2026-01-05 10:00,0,240000,17673040,관리사무소,공용관리비
2026-01-06 09:12,429460,0,18102500,카드정산사,카드 매출 정산 입금
2026-01-06 20:40,87000,0,18189500,자동입출금기,현금 매출 입금
2026-01-07 09:12,493480,0,18682980,카드정산사,카드 매출 정산 입금
2026-01-07 08:07,0,155400,18527580,망원시장 상회,식재료비
2026-01-07 10:34,0,194300,18333280,한빛수산,수산물 매입
2026-01-08 09:12,453100,0,18786380,카드정산사,카드 매출 정산 입금
2026-01-08 08:15,0,220500,18565880,망원시장 상회,식재료비
2026-01-08 10:09,0,206300,18359580,우리쌀도정,곡물 매입
2026-01-09 09:12,554550,0,18914130,카드정산사,카드 매출 정산 입금
2026-01-09 20:40,133000,0,19047130,자동입출금기,현금 매출 입금
2026-01-10 09:12,525000,0,19572130,카드정산사,카드 매출 정산 입금
2026-01-10 10:39,0,171200,19400930,망원시장 상회,식재료비
2026-01-10 09:51,0,181100,19219830,한빛수산,수산물 매입
2026-01-10 11:30,0,5061000,14158830,급여이체,직원 급여
2026-01-11 09:12,763370,0,14922200,카드정산사,카드 매출 정산 입금
2026-01-11 08:29,0,213700,14708500,망원시장 상회,식재료비
2026-01-12 09:12,789970,0,15498470,카드정산사,카드 매출 정산 입금
2026-01-12 20:40,173000,0,15671470,자동입출금기,현금 매출 입금
2026-01-13 09:12,413700,0,16085170,카드정산사,카드 매출 정산 입금
2026-01-13 10:20,0,209700,15875470,망원시장 상회,식재료비
2026-01-14 09:41,0,174800,15700670,망원시장 상회,식재료비
2026-01-14 09:15,0,230800,15469870,한빛수산,수산물 매입
2026-01-15 09:12,435370,0,15905240,카드정산사,카드 매출 정산 입금
2026-01-15 20:40,175000,0,16080240,자동입출금기,현금 매출 입금
2026-01-15 09:24,0,151700,15928540,망원시장 상회,식재료비
2026-01-16 09:12,602820,0,16531360,카드정산사,카드 매출 정산 입금
2026-01-16 10:28,0,200500,16330860,망원시장 상회,식재료비
2026-01-16 10:05,0,211200,16119660,한빛수산,수산물 매입
2026-01-17 09:12,589030,0,16708690,카드정산사,카드 매출 정산 입금
2026-01-17 09:18,0,160000,16548690,우리쌀도정,곡물 매입
2026-01-18 09:12,520080,0,17068770,카드정산사,카드 매출 정산 입금
2026-01-18 20:40,173000,0,17241770,자동입출금기,현금 매출 입금
2026-01-18 09:24,0,230500,17011270,망원시장 상회,식재료비
2026-01-19 09:12,622520,0,17633790,카드정산사,카드 매출 정산 입금
2026-01-20 09:12,537810,0,18171600,카드정산사,카드 매출 정산 입금
2026-01-20 08:18,0,177900,17993700,망원시장 상회,식재료비
2026-01-20 10:26,0,195800,17797900,우리쌀도정,곡물 매입
2026-01-20 14:00,0,1084000,16713900,기타 운영비,공과금·소모품·수수료
2026-01-21 09:12,343760,0,17057660,카드정산사,카드 매출 정산 입금
2026-01-21 20:40,220000,0,17277660,자동입출금기,현금 매출 입금
2026-01-21 08:13,0,150000,17127660,망원시장 상회,식재료비
2026-01-21 08:01,0,160100,16967560,한빛수산,수산물 매입
2026-01-22 09:12,560460,0,17528020,카드정산사,카드 매출 정산 입금
2026-01-23 09:12,508260,0,18036280,카드정산사,카드 매출 정산 입금
2026-01-23 09:38,0,186700,17849580,망원시장 상회,식재료비
2026-01-24 09:12,662900,0,18512480,카드정산사,카드 매출 정산 입금
2026-01-24 20:40,143000,0,18655480,자동입출금기,현금 매출 입금
2026-01-25 09:12,726930,0,19382410,카드정산사,카드 매출 정산 입금
2026-01-25 10:14,0,233100,19149310,망원시장 상회,식재료비
2026-01-25 09:10,0,219300,18930010,우리쌀도정,곡물 매입
2026-01-25 09:00,0,780000,18150010,한빛은행 대출상환,대출 원리금 상환
2026-01-25 09:00,0,370000,17780010,소상공인정책자금 상환,대출 원리금 상환
2026-01-26 09:12,557510,0,18337520,카드정산사,카드 매출 정산 입금
2026-01-27 09:12,335880,0,18673400,카드정산사,카드 매출 정산 입금
2026-01-27 20:40,157000,0,18830400,자동입출금기,현금 매출 입금
2026-01-27 08:24,0,172000,18658400,망원시장 상회,식재료비
2026-01-28 09:24,0,177600,18480800,망원시장 상회,식재료비
2026-01-28 08:12,0,155200,18325600,한빛수산,수산물 매입
2026-01-28 09:44,0,216400,18109200,우리쌀도정,곡물 매입
2026-01-29 09:12,395970,0,18505170,카드정산사,카드 매출 정산 입금
2026-01-30 09:12,594940,0,19100110,카드정산사,카드 매출 정산 입금
2026-01-30 20:40,227000,0,19327110,자동입출금기,현금 매출 입금
2026-01-31 09:12,657980,0,19985090,카드정산사,카드 매출 정산 입금
2026-02-01 09:12,622520,0,20607610,카드정산사,카드 매출 정산 입금
2026-02-01 10:06,0,178100,20429510,한빛수산,수산물 매입
2026-02-02 09:12,785040,0,21214550,카드정산사,카드 매출 정산 입금
2026-02-02 08:17,0,162400,21052150,한빛수산,수산물 매입
2026-02-03 09:12,541750,0,21593900,카드정산사,카드 매출 정산 입금
2026-02-03 20:40,178000,0,21771900,자동입출금기,현금 매출 입금
2026-02-03 08:05,0,204300,21567600,망원시장 상회,식재료비
2026-02-03 09:03,0,239000,21328600,한빛수산,수산물 매입
2026-02-04 09:12,406800,0,21735400,카드정산사,카드 매출 정산 입금
2026-02-04 09:10,0,205600,21529800,한빛수산,수산물 매입
2026-02-05 09:12,451130,0,21980930,카드정산사,카드 매출 정산 입금
2026-02-05 09:12,0,154200,21826730,망원시장 상회,식재료비
2026-02-05 09:00,0,180500,21646230,우리쌀도정,곡물 매입
2026-02-05 10:00,0,2300000,19346230,한빛빌딩 임대,월 임차료
2026-02-05 10:00,0,240000,19106230,관리사무소,공용관리비
2026-02-06 09:12,529930,0,19636160,카드정산사,카드 매출 정산 입금
2026-02-06 20:40,205000,0,19841160,자동입출금기,현금 매출 입금
2026-02-06 08:09,0,227300,19613860,망원시장 상회,식재료비
2026-02-07 09:12,577210,0,20191070,카드정산사,카드 매출 정산 입금
2026-02-07 09:01,0,242500,19948570,망원시장 상회,식재료비
2026-02-08 09:12,674720,0,20623290,카드정산사,카드 매출 정산 입금
2026-02-08 09:36,0,204500,20418790,망원시장 상회,식재료비
2026-02-08 10:23,0,143900,20274890,우리쌀도정,곡물 매입
2026-02-09 09:12,782090,0,21056980,카드정산사,카드 매출 정산 입금
2026-02-09 20:40,54000,0,21110980,자동입출금기,현금 매출 입금
2026-02-10 09:12,408770,0,21519750,카드정산사,카드 매출 정산 입금
2026-02-10 11:30,0,4701000,16818750,급여이체,직원 급여
2026-02-11 09:02,0,161500,16657250,망원시장 상회,식재료비
2026-02-12 09:12,459010,0,17116260,카드정산사,카드 매출 정산 입금
2026-02-12 20:40,157000,0,17273260,자동입출금기,현금 매출 입금
2026-02-13 09:12,601540,0,17874800,카드정산사,카드 매출 정산 입금
2026-02-13 08:46,0,226400,17648400,망원시장 상회,식재료비
2026-02-13 10:01,0,161400,17487000,우리쌀도정,곡물 매입
2026-02-14 09:12,467680,0,17954680,카드정산사,카드 매출 정산 입금
2026-02-14 10:08,0,241500,17713180,망원시장 상회,식재료비
2026-02-14 08:49,0,201600,17511580,우리쌀도정,곡물 매입
2026-02-15 09:12,706240,0,18217820,카드정산사,카드 매출 정산 입금
2026-02-15 20:40,137000,0,18354820,자동입출금기,현금 매출 입금
2026-02-16 09:12,726930,0,19081750,카드정산사,카드 매출 정산 입금
2026-02-17 09:12,614640,0,19696390,카드정산사,카드 매출 정산 입금
2026-02-18 09:12,450140,0,20146530,카드정산사,카드 매출 정산 입금
2026-02-18 20:40,120000,0,20266530,자동입출금기,현금 매출 입금
2026-02-19 09:12,425520,0,20692050,카드정산사,카드 매출 정산 입금
2026-02-20 09:12,546670,0,21238720,카드정산사,카드 매출 정산 입금
2026-02-20 08:01,0,237200,21001520,망원시장 상회,식재료비
2026-02-20 14:00,0,1007000,19994520,기타 운영비,공과금·소모품·수수료
2026-02-21 09:12,538790,0,20533310,카드정산사,카드 매출 정산 입금
2026-02-21 20:40,288000,0,20821310,자동입출금기,현금 매출 입금
2026-02-22 09:12,641230,0,21462540,카드정산사,카드 매출 정산 입금
2026-02-22 09:15,0,197400,21265140,망원시장 상회,식재료비
2026-02-23 09:12,598880,0,21864020,카드정산사,카드 매출 정산 입금
2026-02-24 09:12,553570,0,22417590,카드정산사,카드 매출 정산 입금
2026-02-24 20:40,82000,0,22499590,자동입출금기,현금 매출 입금
2026-02-24 10:27,0,217800,22281790,망원시장 상회,식재료비
2026-02-24 09:49,0,143400,22138390,우리쌀도정,곡물 매입
2026-02-25 10:13,0,240500,21897890,망원시장 상회,식재료비
2026-02-25 10:15,0,155600,21742290,우리쌀도정,곡물 매입
2026-02-25 09:00,0,780000,20962290,한빛은행 대출상환,대출 원리금 상환
2026-02-25 09:00,0,370000,20592290,소상공인정책자금 상환,대출 원리금 상환
2026-02-26 09:12,601830,0,21194120,카드정산사,카드 매출 정산 입금
2026-02-26 10:01,0,219700,20974420,망원시장 상회,식재료비
2026-02-26 08:26,0,203700,20770720,우리쌀도정,곡물 매입
2026-02-27 09:12,555050,0,21325770,카드정산사,카드 매출 정산 입금
2026-02-27 20:40,200000,0,21525770,자동입출금기,현금 매출 입금
2026-02-28 09:12,618580,0,22144350,카드정산사,카드 매출 정산 입금
2026-02-28 09:37,0,219300,21925050,망원시장 상회,식재료비
2026-03-01 09:12,871720,0,22796770,카드정산사,카드 매출 정산 입금
2026-03-01 09:13,0,205600,22591170,한빛수산,수산물 매입
2026-03-02 09:12,637290,0,23228460,카드정산사,카드 매출 정산 입금
2026-03-02 09:33,0,166200,23062260,망원시장 상회,식재료비
2026-03-03 09:12,568340,0,23630600,카드정산사,카드 매출 정산 입금
2026-03-03 20:40,264000,0,23894600,자동입출금기,현금 매출 입금
2026-03-04 09:12,502350,0,24396950,카드정산사,카드 매출 정산 입금
2026-03-04 09:28,0,143900,24253050,망원시장 상회,식재료비
2026-03-05 09:12,362480,0,24615530,카드정산사,카드 매출 정산 입금
2026-03-05 10:12,0,175000,24440530,망원시장 상회,식재료비
2026-03-05 10:00,0,2300000,22140530,한빛빌딩 임대,월 임차료
2026-03-05 10:00,0,240000,21900530,관리사무소,공용관리비
2026-03-06 09:12,682600,0,22583130,카드정산사,카드 매출 정산 입금
2026-03-06 20:40,177000,0,22760130,자동입출금기,현금 매출 입금
2026-03-06 09:38,0,198800,22561330,망원시장 상회,식재료비
2026-03-07 09:12,464920,0,23026250,카드정산사,카드 매출 정산 입금
2026-03-07 09:20,0,150100,22876150,망원시장 상회,식재료비
2026-03-08 09:12,818530,0,23694680,카드정산사,카드 매출 정산 입금
2026-03-08 09:07,0,161800,23532880,한빛수산,수산물 매입
2026-03-09 09:12,822470,0,24355350,카드정산사,카드 매출 정산 입금
2026-03-09 20:40,227000,0,24582350,자동입출금기,현금 매출 입금
2026-03-10 09:12,459990,0,25042340,카드정산사,카드 매출 정산 입금
2026-03-10 09:31,0,185000,24857340,망원시장 상회,식재료비
2026-03-10 11:30,0,5103000,19754340,급여이체,직원 급여
2026-03-11 09:57,0,223900,19530440,망원시장 상회,식재료비
2026-03-11 10:54,0,143100,19387340,우리쌀도정,곡물 매입
2026-03-12 09:12,604790,0,19992130,카드정산사,카드 매출 정산 입금
2026-03-12 20:40,315000,0,20307130,자동입출금기,현금 매출 입금
2026-03-12 10:51,0,169200,20137930,망원시장 상회,식재료비
2026-03-13 09:12,548640,0,20686570,카드정산사,카드 매출 정산 입금
2026-03-13 08:37,0,154500,20532070,망원시장 상회,식재료비
2026-03-14 09:12,455070,0,20987140,카드정산사,카드 매출 정산 입금
2026-03-14 08:58,0,177500,20809640,망원시장 상회,식재료비
2026-03-15 09:12,593950,0,21403590,카드정산사,카드 매출 정산 입금
2026-03-15 20:40,318000,0,21721590,자동입출금기,현금 매출 입금
2026-03-15 10:25,0,164300,21557290,망원시장 상회,식재료비
2026-03-16 09:12,616610,0,22173900,카드정산사,카드 매출 정산 입금
2026-03-16 08:25,0,184100,21989800,망원시장 상회,식재료비
2026-03-17 09:12,422560,0,22412360,카드정산사,카드 매출 정산 입금
2026-03-17 08:09,0,144500,22267860,우리쌀도정,곡물 매입
2026-03-18 09:12,575240,0,22843100,카드정산사,카드 매출 정산 입금
2026-03-18 20:40,62000,0,22905100,자동입출금기,현금 매출 입금
2026-03-18 10:36,0,175600,22729500,한빛수산,수산물 매입
2026-03-19 09:12,417640,0,23147140,카드정산사,카드 매출 정산 입금
2026-03-19 08:03,0,232900,22914240,망원시장 상회,식재료비
2026-03-20 09:12,603800,0,23518040,카드정산사,카드 매출 정산 입금
2026-03-20 09:54,0,168300,23349740,망원시장 상회,식재료비
2026-03-20 14:00,0,1094000,22255740,기타 운영비,공과금·소모품·수수료
2026-03-21 09:12,629120,0,22884860,카드정산사,카드 매출 정산 입금
2026-03-21 20:40,282000,0,23166860,자동입출금기,현금 매출 입금
2026-03-21 08:35,0,175400,22991460,망원시장 상회,식재료비
2026-03-21 09:12,0,163400,22828060,우리쌀도정,곡물 매입
2026-03-22 09:12,609030,0,23437090,카드정산사,카드 매출 정산 입금
2026-03-22 10:18,0,206500,23230590,망원시장 상회,식재료비
2026-03-22 08:27,0,220000,23010590,한빛수산,수산물 매입
2026-03-23 09:12,506290,0,23516880,카드정산사,카드 매출 정산 입금
2026-03-24 09:12,374300,0,23891180,카드정산사,카드 매출 정산 입금
2026-03-24 20:40,26000,0,23917180,자동입출금기,현금 매출 입금
2026-03-24 10:41,0,193200,23723980,망원시장 상회,식재료비
2026-03-24 09:26,0,147400,23576580,한빛수산,수산물 매입
2026-03-25 08:58,0,217100,23359480,한빛수산,수산물 매입
2026-03-25 09:31,0,151500,23207980,우리쌀도정,곡물 매입
2026-03-25 09:00,0,780000,22427980,한빛은행 대출상환,대출 원리금 상환
2026-03-25 09:00,0,370000,22057980,소상공인정책자금 상환,대출 원리금 상환
2026-03-26 09:12,638280,0,22696260,카드정산사,카드 매출 정산 입금
2026-03-26 10:31,0,212400,22483860,망원시장 상회,식재료비
2026-03-27 09:12,397940,0,22881800,카드정산사,카드 매출 정산 입금
2026-03-27 20:40,152000,0,23033800,자동입출금기,현금 매출 입금
2026-03-27 08:21,0,159700,22874100,망원시장 상회,식재료비
2026-03-28 09:12,539780,0,23413880,카드정산사,카드 매출 정산 입금
2026-03-28 08:40,0,151600,23262280,망원시장 상회,식재료비
2026-03-29 09:12,589030,0,23851310,카드정산사,카드 매출 정산 입금
2026-03-30 09:12,765340,0,24616650,카드정산사,카드 매출 정산 입금
2026-03-30 20:40,163000,0,24779650,자동입출금기,현금 매출 입금
2026-03-30 09:50,0,204800,24574850,한빛수산,수산물 매입
2026-03-31 09:12,413700,0,24988550,카드정산사,카드 매출 정산 입금
2026-03-31 10:28,0,185600,24802950,망원시장 상회,식재료비
2026-03-31 09:41,0,162100,24640850,한빛수산,수산물 매입
2026-04-01 09:12,396950,0,25037800,카드정산사,카드 매출 정산 입금
2026-04-01 10:43,0,180900,24856900,한빛수산,수산물 매입
2026-04-01 10:47,0,138900,24718000,우리쌀도정,곡물 매입
2026-04-02 09:12,607740,0,25325740,카드정산사,카드 매출 정산 입금
2026-04-02 10:17,0,213100,25112640,망원시장 상회,식재료비
2026-04-03 09:12,547660,0,25660300,카드정산사,카드 매출 정산 입금
2026-04-03 20:40,171000,0,25831300,자동입출금기,현금 매출 입금
2026-04-03 09:15,0,239600,25591700,망원시장 상회,식재료비
2026-04-03 09:41,0,178500,25413200,한빛수산,수산물 매입
2026-04-04 09:12,558490,0,25971690,카드정산사,카드 매출 정산 입금
2026-04-04 09:16,0,209800,25761890,망원시장 상회,식재료비
2026-04-04 09:39,0,220600,25541290,한빛수산,수산물 매입
2026-04-04 08:31,0,179700,25361590,우리쌀도정,곡물 매입
2026-04-05 09:12,749580,0,26111170,카드정산사,카드 매출 정산 입금
2026-04-05 08:20,0,199200,25911970,망원시장 상회,식재료비
2026-04-05 08:37,0,141900,25770070,우리쌀도정,곡물 매입
2026-04-05 10:00,0,2300000,23470070,한빛빌딩 임대,월 임차료
2026-04-05 10:00,0,240000,23230070,관리사무소,공용관리비
2026-04-06 09:12,683590,0,23913660,카드정산사,카드 매출 정산 입금
2026-04-06 20:40,192000,0,24105660,자동입출금기,현금 매출 입금
2026-04-06 10:19,0,151600,23954060,망원시장 상회,식재료비
2026-04-06 09:19,0,206700,23747360,우리쌀도정,곡물 매입
2026-04-07 09:12,421780,0,24169140,카드정산사,카드 매출 정산 입금
2026-04-07 09:45,0,190600,23978540,망원시장 상회,식재료비
2026-04-08 09:12,549630,0,24528170,카드정산사,카드 매출 정산 입금
2026-04-08 09:37,0,194700,24333470,한빛수산,수산물 매입
2026-04-09 09:12,573270,0,24906740,카드정산사,카드 매출 정산 입금
2026-04-09 20:40,178000,0,25084740,자동입출금기,현금 매출 입금
2026-04-09 08:26,0,218400,24866340,망원시장 상회,식재료비
2026-04-09 08:30,0,171900,24694440,한빛수산,수산물 매입
2026-04-10 09:12,438320,0,25132760,카드정산사,카드 매출 정산 입금
2026-04-10 09:39,0,194000,24938760,망원시장 상회,식재료비
2026-04-10 10:34,0,146900,24791860,한빛수산,수산물 매입
2026-04-10 09:56,0,174700,24617160,우리쌀도정,곡물 매입
2026-04-10 11:30,0,5061000,19556160,급여이체,직원 급여
2026-04-11 09:12,581150,0,20137310,카드정산사,카드 매출 정산 입금
2026-04-11 10:44,0,203700,19933610,망원시장 상회,식재료비
2026-04-12 09:12,770270,0,20703880,카드정산사,카드 매출 정산 입금
2026-04-12 20:40,143000,0,20846880,자동입출금기,현금 매출 입금
2026-04-12 09:43,0,186600,20660280,망원시장 상회,식재료비
2026-04-13 09:12,750570,0,21410850,카드정산사,카드 매출 정산 입금
2026-04-14 09:12,580160,0,21991010,카드정산사,카드 매출 정산 입금
2026-04-15 20:40,199000,0,22190010,자동입출금기,현금 매출 입금
2026-04-15 08:13,0,233100,21956910,망원시장 상회,식재료비
2026-04-16 09:12,464920,0,22421830,카드정산사,카드 매출 정산 입금
2026-04-16 08:29,0,185800,22236030,망원시장 상회,식재료비
2026-04-16 10:30,0,224300,22011730,한빛수산,수산물 매입
2026-04-17 09:12,441280,0,22453010,카드정산사,카드 매출 정산 입금
2026-04-17 10:28,0,184400,22268610,한빛수산,수산물 매입
2026-04-18 09:12,639260,0,22907870,카드정산사,카드 매출 정산 입금
2026-04-18 20:40,110000,0,23017870,자동입출금기,현금 매출 입금
2026-04-18 08:49,0,225700,22792170,한빛수산,수산물 매입
2026-04-19 09:12,736780,0,23528950,카드정산사,카드 매출 정산 입금
2026-04-19 10:20,0,201900,23327050,한빛수산,수산물 매입
2026-04-20 09:12,689500,0,24016550,카드정산사,카드 매출 정산 입금
2026-04-20 08:14,0,173900,23842650,망원시장 상회,식재료비
2026-04-20 14:00,0,1085000,22757650,기타 운영비,공과금·소모품·수수료
2026-04-21 09:12,500380,0,23258030,카드정산사,카드 매출 정산 입금
2026-04-21 20:40,147000,0,23405030,자동입출금기,현금 매출 입금
2026-04-21 10:02,0,147800,23257230,한빛수산,수산물 매입
2026-04-21 10:40,0,190700,23066530,우리쌀도정,곡물 매입
2026-04-22 09:12,434380,0,23500910,카드정산사,카드 매출 정산 입금
2026-04-23 09:12,379220,0,23880130,카드정산사,카드 매출 정산 입금
2026-04-23 09:15,0,203000,23677130,망원시장 상회,식재료비
2026-04-24 09:12,548450,0,24225580,카드정산사,카드 매출 정산 입금
2026-04-24 20:40,322000,0,24547580,자동입출금기,현금 매출 입금
2026-04-25 09:12,509240,0,25056820,카드정산사,카드 매출 정산 입금
2026-04-25 10:57,0,174400,24882420,한빛수산,수산물 매입
2026-04-25 09:00,0,780000,24102420,한빛은행 대출상환,대출 원리금 상환
2026-04-25 09:00,0,370000,23732420,소상공인정책자금 상환,대출 원리금 상환
2026-04-26 09:12,893390,0,24625810,카드정산사,카드 매출 정산 입금
2026-04-27 09:12,504320,0,25130130,카드정산사,카드 매출 정산 입금
2026-04-27 20:40,109000,0,25239130,자동입출금기,현금 매출 입금
2026-04-28 09:12,486590,0,25725720,카드정산사,카드 매출 정산 입금
2026-04-30 09:12,635320,0,26361040,카드정산사,카드 매출 정산 입금
2026-04-30 20:40,139000,0,26500040,자동입출금기,현금 매출 입금
2026-05-01 09:12,620550,0,27120590,카드정산사,카드 매출 정산 입금
2026-05-01 10:19,0,251400,26869190,망원시장 상회,식재료비
2026-05-01 09:09,0,226200,26642990,한빛수산,수산물 매입
2026-05-02 09:12,454080,0,27097070,카드정산사,카드 매출 정산 입금
2026-05-02 09:58,0,211700,26885370,한빛수산,수산물 매입
2026-05-02 10:04,0,168600,26716770,우리쌀도정,곡물 매입
2026-05-03 09:12,855960,0,27572730,카드정산사,카드 매출 정산 입금
2026-05-03 20:40,110000,0,27682730,자동입출금기,현금 매출 입금
2026-05-03 08:41,0,165600,27517130,한빛수산,수산물 매입
2026-05-03 10:55,0,198700,27318430,우리쌀도정,곡물 매입
2026-05-04 09:12,636310,0,27954740,카드정산사,카드 매출 정산 입금
2026-05-04 10:43,0,242000,27712740,한빛수산,수산물 매입
2026-05-04 08:20,0,194200,27518540,우리쌀도정,곡물 매입
2026-05-05 09:12,555540,0,28074080,카드정산사,카드 매출 정산 입금
2026-05-05 10:15,0,157400,27916680,한빛수산,수산물 매입
2026-05-05 10:00,0,2300000,25616680,한빛빌딩 임대,월 임차료
2026-05-05 10:00,0,240000,25376680,관리사무소,공용관리비
2026-05-06 09:12,473780,0,25850460,카드정산사,카드 매출 정산 입금
2026-05-06 20:40,239000,0,26089460,자동입출금기,현금 매출 입금
2026-05-06 08:51,0,186700,25902760,망원시장 상회,식재료비
2026-05-07 09:12,559970,0,26462730,카드정산사,카드 매출 정산 입금
2026-05-07 09:10,0,172600,26290130,망원시장 상회,식재료비
2026-05-08 09:12,467870,0,26758000,카드정산사,카드 매출 정산 입금
2026-05-08 09:35,0,199300,26558700,망원시장 상회,식재료비
2026-05-09 09:12,628430,0,27187130,카드정산사,카드 매출 정산 입금
2026-05-09 20:40,189000,0,27376130,자동입출금기,현금 매출 입금
2026-05-09 09:03,0,175400,27200730,한빛수산,수산물 매입
2026-05-10 09:12,645170,0,27845900,카드정산사,카드 매출 정산 입금
2026-05-10 09:09,0,219300,27626600,망원시장 상회,식재료비
2026-05-10 10:07,0,167900,27458700,한빛수산,수산물 매입
2026-05-10 10:19,0,214000,27244700,우리쌀도정,곡물 매입
2026-05-10 11:30,0,5510000,21734700,급여이체,직원 급여
2026-05-11 09:12,723290,0,22457990,카드정산사,카드 매출 정산 입금
2026-05-12 09:12,591000,0,23048990,카드정산사,카드 매출 정산 입금
2026-05-12 20:40,77000,0,23125990,자동입출금기,현금 매출 입금
2026-05-12 10:17,0,232000,22893990,망원시장 상회,식재료비
2026-05-12 09:25,0,220700,22673290,한빛수산,수산물 매입
2026-05-13 10:10,0,182800,22490490,망원시장 상회,식재료비
2026-05-14 09:12,560460,0,23050950,카드정산사,카드 매출 정산 입금
2026-05-14 10:08,0,250000,22800950,한빛수산,수산물 매입
2026-05-15 09:12,416650,0,23217600,카드정산사,카드 매출 정산 입금
2026-05-15 20:40,158000,0,23375600,자동입출금기,현금 매출 입금
2026-05-15 09:44,0,237500,23138100,망원시장 상회,식재료비
2026-05-15 10:19,0,177300,22960800,한빛수산,수산물 매입
2026-05-16 09:12,495450,0,23456250,카드정산사,카드 매출 정산 입금
2026-05-16 10:04,0,237400,23218850,망원시장 상회,식재료비
2026-05-16 09:23,0,186700,23032150,한빛수산,수산물 매입
2026-05-17 09:12,825430,0,23857580,카드정산사,카드 매출 정산 입금
2026-05-18 09:12,724960,0,24582540,카드정산사,카드 매출 정산 입금
2026-05-18 20:40,127000,0,24709540,자동입출금기,현금 매출 입금
2026-05-19 09:12,496440,0,25205980,카드정산사,카드 매출 정산 입금
2026-05-19 08:08,0,189100,25016880,한빛수산,수산물 매입
2026-05-20 09:12,482650,0,25499530,카드정산사,카드 매출 정산 입금
2026-05-20 10:40,0,255800,25243730,망원시장 상회,식재료비
2026-05-20 14:00,0,1181000,24062730,기타 운영비,공과금·소모품·수수료
2026-05-21 09:12,471810,0,24534540,카드정산사,카드 매출 정산 입금
2026-05-21 20:40,176000,0,24710540,자동입출금기,현금 매출 입금
2026-05-22 09:12,426500,0,25137040,카드정산사,카드 매출 정산 입금
2026-05-23 09:12,566370,0,25703410,카드정산사,카드 매출 정산 입금
2026-05-23 08:07,0,253200,25450210,망원시장 상회,식재료비
2026-05-24 09:12,752540,0,26202750,카드정산사,카드 매출 정산 입금
2026-05-24 20:40,130000,0,26332750,자동입출금기,현금 매출 입금
2026-05-24 09:09,0,203500,26129250,한빛수산,수산물 매입
2026-05-25 09:12,863840,0,26993090,카드정산사,카드 매출 정산 입금
2026-05-25 09:00,0,780000,26213090,한빛은행 대출상환,대출 원리금 상환
2026-05-25 09:00,0,370000,25843090,소상공인정책자금 상환,대출 원리금 상환
2026-05-26 09:12,601830,0,26444920,카드정산사,카드 매출 정산 입금
2026-05-26 10:55,0,175500,26269420,한빛수산,수산물 매입
2026-05-27 20:40,90000,0,26359420,자동입출금기,현금 매출 입금
2026-05-27 10:40,0,252000,26107420,망원시장 상회,식재료비
2026-05-28 09:12,584100,0,26691520,카드정산사,카드 매출 정산 입금
2026-05-28 09:48,0,194600,26496920,망원시장 상회,식재료비
2026-05-29 09:12,592970,0,27089890,카드정산사,카드 매출 정산 입금
2026-05-29 10:33,0,204400,26885490,망원시장 상회,식재료비
2026-05-30 09:12,626460,0,27511950,카드정산사,카드 매출 정산 입금
2026-05-30 20:40,282000,0,27793950,자동입출금기,현금 매출 입금
2026-05-31 09:12,759430,0,28553380,카드정산사,카드 매출 정산 입금
2026-06-01 09:12,745640,0,29299020,카드정산사,카드 매출 정산 입금
2026-06-01 08:26,0,211500,29087520,망원시장 상회,식재료비
2026-06-02 09:12,661920,0,29749440,카드정산사,카드 매출 정산 입금
2026-06-02 08:03,0,187900,29561540,망원시장 상회,식재료비
2026-06-02 10:14,0,251600,29309940,한빛수산,수산물 매입
2026-06-03 09:12,332930,0,29642870,카드정산사,카드 매출 정산 입금
2026-06-03 20:40,189000,0,29831870,자동입출금기,현금 매출 입금
2026-06-03 10:50,0,181200,29650670,망원시장 상회,식재료비
2026-06-04 09:12,512200,0,30162870,카드정산사,카드 매출 정산 입금
2026-06-04 08:52,0,208400,29954470,망원시장 상회,식재료비
2026-06-04 08:03,0,181500,29772970,한빛수산,수산물 매입
2026-06-05 09:12,539780,0,30312750,카드정산사,카드 매출 정산 입금
2026-06-05 10:00,0,2300000,28012750,한빛빌딩 임대,월 임차료
2026-06-05 10:00,0,240000,27772750,관리사무소,공용관리비
2026-06-06 09:12,619560,0,28392310,카드정산사,카드 매출 정산 입금
2026-06-06 20:40,224000,0,28616310,자동입출금기,현금 매출 입금
2026-06-06 08:42,0,195800,28420510,망원시장 상회,식재료비
2026-06-06 09:37,0,183000,28237510,우리쌀도정,곡물 매입
2026-06-07 09:12,922940,0,29160450,카드정산사,카드 매출 정산 입금
2026-06-07 09:40,0,253200,28907250,망원시장 상회,식재료비
2026-06-07 10:28,0,211200,28696050,한빛수산,수산물 매입
2026-06-08 09:12,763370,0,29459420,카드정산사,카드 매출 정산 입금
2026-06-09 09:12,453100,0,29912520,카드정산사,카드 매출 정산 입금
2026-06-09 20:40,194000,0,30106520,자동입출금기,현금 매출 입금
2026-06-09 10:38,0,214300,29892220,망원시장 상회,식재료비
2026-06-10 10:49,0,164700,29727520,우리쌀도정,곡물 매입
2026-06-10 11:30,0,5286000,24441520,급여이체,직원 급여
2026-06-11 09:12,572280,0,25013800,카드정산사,카드 매출 정산 입금
2026-06-11 10:12,0,221400,24792400,망원시장 상회,식재료비
2026-06-11 09:46,0,175800,24616600,한빛수산,수산물 매입
2026-06-12 09:12,542540,0,25159140,카드정산사,카드 매출 정산 입금
2026-06-12 20:40,297000,0,25456140,자동입출금기,현금 매출 입금
2026-06-12 10:41,0,156800,25299340,망원시장 상회,식재료비
2026-06-12 08:50,0,159400,25139940,한빛수산,수산물 매입
2026-06-13 09:12,746630,0,25886570,카드정산사,카드 매출 정산 입금
2026-06-13 10:32,0,173700,25712870,망원시장 상회,식재료비
2026-06-14 09:12,779130,0,26492000,카드정산사,카드 매출 정산 입금
2026-06-14 10:00,0,153300,26338700,망원시장 상회,식재료비
2026-06-15 09:12,638970,0,26977670,카드정산사,카드 매출 정산 입금
2026-06-15 20:40,49000,0,27026670,자동입출금기,현금 매출 입금
2026-06-15 09:46,0,250600,26776070,망원시장 상회,식재료비
2026-06-15 09:27,0,224600,26551470,한빛수산,수산물 매입
2026-06-16 09:12,446200,0,26997670,카드정산사,카드 매출 정산 입금
2026-06-16 09:08,0,198900,26798770,한빛수산,수산물 매입
2026-06-17 09:12,574250,0,27373020,카드정산사,카드 매출 정산 입금
2026-06-17 09:32,0,225600,27147420,한빛수산,수산물 매입
2026-06-18 09:12,527960,0,27675380,카드정산사,카드 매출 정산 입금
2026-06-18 20:40,224000,0,27899380,자동입출금기,현금 매출 입금
2026-06-18 10:13,0,165400,27733980,망원시장 상회,식재료비
2026-06-19 09:12,573270,0,28307250,카드정산사,카드 매출 정산 입금
2026-06-19 10:17,0,150100,28157150,우리쌀도정,곡물 매입
2026-06-20 09:12,681620,0,28838770,카드정산사,카드 매출 정산 입금
2026-06-20 08:41,0,158800,28679970,망원시장 상회,식재료비
2026-06-20 14:00,0,1133000,27546970,기타 운영비,공과금·소모품·수수료
2026-06-21 09:12,995830,0,28542800,카드정산사,카드 매출 정산 입금
2026-06-21 20:40,222000,0,28764800,자동입출금기,현금 매출 입금
2026-06-21 09:24,0,153500,28611300,한빛수산,수산물 매입
2026-06-22 09:12,727910,0,29339210,카드정산사,카드 매출 정산 입금
2026-06-23 09:12,322090,0,29661300,카드정산사,카드 매출 정산 입금
2026-06-23 09:54,0,152700,29508600,망원시장 상회,식재료비
2026-06-23 08:19,0,186000,29322600,한빛수산,수산물 매입
2026-06-24 20:40,68000,0,29390600,자동입출금기,현금 매출 입금
2026-06-24 09:12,0,237800,29152800,망원시장 상회,식재료비
2026-06-24 10:26,0,172100,28980700,한빛수산,수산물 매입
2026-06-25 09:12,621530,0,29602230,카드정산사,카드 매출 정산 입금
2026-06-25 08:30,0,222100,29380130,망원시장 상회,식재료비
2026-06-25 09:16,0,219400,29160730,한빛수산,수산물 매입
2026-06-25 09:00,0,780000,28380730,한빛은행 대출상환,대출 원리금 상환
2026-06-25 09:00,0,370000,28010730,소상공인정책자금 상환,대출 원리금 상환
2026-06-26 09:12,516140,0,28526870,카드정산사,카드 매출 정산 입금
2026-06-27 09:12,531900,0,29058770,카드정산사,카드 매출 정산 입금
2026-06-27 20:40,166000,0,29224770,자동입출금기,현금 매출 입금
2026-06-27 09:02,0,189700,29035070,망원시장 상회,식재료비
2026-06-28 09:12,723970,0,29759040,카드정산사,카드 매출 정산 입금
2026-06-29 09:12,647930,0,30406970,카드정산사,카드 매출 정산 입금
2026-06-30 09:12,537810,0,30944780,카드정산사,카드 매출 정산 입금
2026-06-30 20:40,102000,0,31046780,자동입출금기,현금 매출 입금
2026-07-01 09:12,522050,0,31568830,카드정산사,카드 매출 정산 입금
2026-07-01 09:30,0,155200,31413630,우리쌀도정,곡물 매입
2026-07-02 09:12,454080,0,31867710,카드정산사,카드 매출 정산 입금
2026-07-02 09:27,0,216300,31651410,망원시장 상회,식재료비
2026-07-02 08:49,0,203400,31448010,한빛수산,수산물 매입
2026-07-03 09:12,495450,0,31943460,카드정산사,카드 매출 정산 입금
2026-07-03 20:40,118000,0,32061460,자동입출금기,현금 매출 입금
2026-07-03 10:26,0,259900,31801560,망원시장 상회,식재료비
2026-07-03 09:45,0,191800,31609760,우리쌀도정,곡물 매입
2026-07-04 09:12,641230,0,32250990,카드정산사,카드 매출 정산 입금
2026-07-05 09:12,838140,0,33089130,카드정산사,카드 매출 정산 입금
2026-07-05 10:00,0,2300000,30789130,한빛빌딩 임대,월 임차료
2026-07-05 10:00,0,240000,30549130,관리사무소,공용관리비
2026-07-06 09:12,618580,0,31167710,카드정산사,카드 매출 정산 입금
2026-07-06 20:40,191000,0,31358710,자동입출금기,현금 매출 입금
2026-07-06 09:53,0,252500,31106210,망원시장 상회,식재료비
2026-07-06 09:12,0,219800,30886410,우리쌀도정,곡물 매입
2026-07-07 09:12,554550,0,31440960,카드정산사,카드 매출 정산 입금
2026-07-08 09:12,419610,0,31860570,카드정산사,카드 매출 정산 입금
2026-07-08 10:20,0,255700,31604870,한빛수산,수산물 매입
2026-07-08 08:23,0,173600,31431270,우리쌀도정,곡물 매입
2026-07-09 09:12,631380,0,32062650,카드정산사,카드 매출 정산 입금
2026-07-09 20:40,134000,0,32196650,자동입출금기,현금 매출 입금
2026-07-09 09:33,0,242400,31954250,망원시장 상회,식재료비
2026-07-10 09:12,531900,0,32486150,카드정산사,카드 매출 정산 입금
2026-07-10 08:31,0,226500,32259650,망원시장 상회,식재료비
2026-07-10 09:14,0,175600,32084050,한빛수산,수산물 매입
2026-07-10 11:30,0,5769000,26315050,급여이체,직원 급여
2026-07-11 09:12,654040,0,26969090,카드정산사,카드 매출 정산 입금
2026-07-11 09:56,0,238800,26730290,망원시장 상회,식재료비
2026-07-12 09:12,907180,0,27637470,카드정산사,카드 매출 정산 입금
2026-07-12 20:40,279000,0,27916470,자동입출금기,현금 매출 입금
2026-07-12 08:45,0,245900,27670570,망원시장 상회,식재료비
2026-07-13 09:12,797850,0,28468420,카드정산사,카드 매출 정산 입금
2026-07-14 09:12,526970,0,28995390,카드정산사,카드 매출 정산 입금
2026-07-14 09:13,0,195700,28799690,망원시장 상회,식재료비
2026-07-14 10:10,0,223900,28575790,한빛수산,수산물 매입
2026-07-15 20:40,102000,0,28677790,자동입출금기,현금 매출 입금
2026-07-15 08:04,0,251900,28425890,망원시장 상회,식재료비
2026-07-15 09:11,0,207800,28218090,한빛수산,수산물 매입
2026-07-16 09:12,528940,0,28747030,카드정산사,카드 매출 정산 입금
2026-07-17 09:12,748600,0,29495630,카드정산사,카드 매출 정산 입금
2026-07-17 09:15,0,218900,29276730,망원시장 상회,식재료비
2026-07-18 09:12,645170,0,29921900,카드정산사,카드 매출 정산 입금
2026-07-18 20:40,224000,0,30145900,자동입출금기,현금 매출 입금
2026-07-19 09:12,948550,0,31094450,카드정산사,카드 매출 정산 입금
2026-07-20 09:12,814590,0,31909040,카드정산사,카드 매출 정산 입금
2026-07-20 14:00,0,1236000,30673040,기타 운영비,공과금·소모품·수수료
2026-07-21 09:12,598090,0,31271130,카드정산사,카드 매출 정산 입금
2026-07-21 20:40,273000,0,31544130,자동입출금기,현금 매출 입금
2026-07-21 09:58,0,174200,31369930,한빛수산,수산물 매입
2026-07-21 10:10,0,192200,31177730,우리쌀도정,곡물 매입
2026-07-22 09:12,559480,0,31737210,카드정산사,카드 매출 정산 입금
2026-07-22 09:28,0,241600,31495610,망원시장 상회,식재료비
2026-07-23 09:12,602820,0,32098430,카드정산사,카드 매출 정산 입금
2026-07-23 08:26,0,224700,31873730,망원시장 상회,식재료비
2026-07-23 10:27,0,226200,31647530,우리쌀도정,곡물 매입
2026-07-24 09:12,553570,0,32201100,카드정산사,카드 매출 정산 입금
2026-07-24 20:40,305000,0,32506100,자동입출금기,현금 매출 입금
2026-07-24 09:25,0,242300,32263800,망원시장 상회,식재료비
2026-07-25 09:12,513180,0,32776980,카드정산사,카드 매출 정산 입금
2026-07-25 09:00,0,780000,31996980,한빛은행 대출상환,대출 원리금 상환
2026-07-25 09:00,0,370000,31626980,소상공인정책자금 상환,대출 원리금 상환
2026-07-26 09:12,852020,0,32479000,카드정산사,카드 매출 정산 입금
2026-07-26 08:02,0,201400,32277600,망원시장 상회,식재료비
2026-07-27 09:12,683590,0,32961190,카드정산사,카드 매출 정산 입금
2026-07-27 20:40,47000,0,33008190,자동입출금기,현금 매출 입금
2026-07-28 09:12,442260,0,33450450,카드정산사,카드 매출 정산 입금
2026-07-29 09:38,0,260400,33190050,한빛수산,수산물 매입
2026-07-30 09:12,480680,0,33670730,카드정산사,카드 매출 정산 입금
2026-07-30 20:40,214000,0,33884730,자동입출금기,현금 매출 입금
2026-07-30 08:15,0,197300,33687430,망원시장 상회,식재료비
2026-07-30 09:17,0,242900,33444530,우리쌀도정,곡물 매입
2026-07-31 09:12,461960,0,33906490,카드정산사,카드 매출 정산 입금
2026-07-31 09:11,0,199600,33706890,망원시장 상회,식재료비
2026-07-31 10:13,0,259000,33447890,한빛수산,수산물 매입
2026-08-01 09:12,560460,0,34008350,카드정산사,카드 매출 정산 입금
2026-08-01 10:13,0,181400,33826950,우리쌀도정,곡물 매입
2026-08-02 09:12,750570,0,34577520,카드정산사,카드 매출 정산 입금
2026-08-02 08:06,0,195300,34382220,망원시장 상회,식재료비
2026-08-03 09:12,692450,0,35074670,카드정산사,카드 매출 정산 입금
2026-08-03 20:40,198000,0,35272670,자동입출금기,현금 매출 입금
2026-08-03 08:33,0,240900,35031770,망원시장 상회,식재료비
2026-08-03 08:16,0,169900,34861870,한빛수산,수산물 매입
2026-08-04 09:12,491510,0,35353380,카드정산사,카드 매출 정산 입금
2026-08-04 10:09,0,239300,35114080,망원시장 상회,식재료비
2026-08-05 09:12,571300,0,35685380,카드정산사,카드 매출 정산 입금
2026-08-05 09:21,0,196600,35488780,망원시장 상회,식재료비
2026-08-05 08:27,0,164300,35324480,한빛수산,수산물 매입
2026-08-05 10:00,0,2300000,33024480,한빛빌딩 임대,월 임차료
2026-08-05 10:00,0,240000,32784480,관리사무소,공용관리비
2026-08-06 09:12,571300,0,33355780,카드정산사,카드 매출 정산 입금
2026-08-06 20:40,167000,0,33522780,자동입출금기,현금 매출 입금
2026-08-06 10:05,0,209800,33312980,망원시장 상회,식재료비
2026-08-07 09:12,633350,0,33946330,카드정산사,카드 매출 정산 입금
2026-08-07 09:28,0,260300,33686030,망원시장 상회,식재료비
2026-08-08 09:12,669800,0,34355830,카드정산사,카드 매출 정산 입금
2026-08-08 08:53,0,186800,34169030,망원시장 상회,식재료비
2026-08-08 09:18,0,206600,33962430,한빛수산,수산물 매입
2026-08-09 09:12,785040,0,34747470,카드정산사,카드 매출 정산 입금
2026-08-09 20:40,106000,0,34853470,자동입출금기,현금 매출 입금
2026-08-09 10:58,0,262800,34590670,망원시장 상회,식재료비
2026-08-09 09:11,0,261300,34329370,한빛수산,수산물 매입
2026-08-09 10:18,0,215600,34113770,우리쌀도정,곡물 매입
2026-08-10 09:12,785040,0,34898810,카드정산사,카드 매출 정산 입금
2026-08-10 11:30,0,5716000,29182810,급여이체,직원 급여
2026-08-11 09:12,618580,0,29801390,카드정산사,카드 매출 정산 입금
2026-08-11 10:43,0,187100,29614290,한빛수산,수산물 매입
2026-08-12 20:40,40000,0,29654290,자동입출금기,현금 매출 입금
2026-08-12 10:31,0,242500,29411790,망원시장 상회,식재료비
2026-08-13 09:12,561450,0,29973240,카드정산사,카드 매출 정산 입금
2026-08-13 10:46,0,218400,29754840,망원시장 상회,식재료비
2026-08-13 10:51,0,172000,29582840,한빛수산,수산물 매입
2026-08-13 09:23,0,181300,29401540,우리쌀도정,곡물 매입
2026-08-14 09:12,603800,0,30005340,카드정산사,카드 매출 정산 입금
2026-08-14 09:31,0,260200,29745140,망원시장 상회,식재료비
2026-08-14 09:10,0,236700,29508440,한빛수산,수산물 매입
2026-08-14 09:38,0,222500,29285940,우리쌀도정,곡물 매입
2026-08-15 09:12,579180,0,29865120,카드정산사,카드 매출 정산 입금
2026-08-15 20:40,183000,0,30048120,자동입출금기,현금 매출 입금
2026-08-16 09:12,941660,0,30989780,카드정산사,카드 매출 정산 입금
2026-08-16 10:24,0,242900,30746880,우리쌀도정,곡물 매입
2026-08-17 09:12,722000,0,31468880,카드정산사,카드 매출 정산 입금
2026-08-17 10:52,0,195200,31273680,망원시장 상회,식재료비
2026-08-18 09:12,512200,0,31785880,카드정산사,카드 매출 정산 입금
2026-08-18 20:40,130000,0,31915880,자동입출금기,현금 매출 입금
2026-08-18 10:20,0,252000,31663880,망원시장 상회,식재료비
2026-08-18 10:33,0,159300,31504580,한빛수산,수산물 매입
2026-08-19 09:12,389070,0,31893650,카드정산사,카드 매출 정산 입금
2026-08-20 09:12,537810,0,32431460,카드정산사,카드 매출 정산 입금
2026-08-20 10:39,0,211300,32220160,망원시장 상회,식재료비
2026-08-20 09:48,0,191300,32028860,우리쌀도정,곡물 매입
2026-08-20 14:00,0,1225000,30803860,기타 운영비,공과금·소모품·수수료
2026-08-21 09:12,740720,0,31544580,카드정산사,카드 매출 정산 입금
2026-08-21 20:40,346000,0,31890580,자동입출금기,현금 매출 입금
2026-08-21 10:35,0,192300,31698280,망원시장 상회,식재료비
2026-08-21 10:27,0,232800,31465480,한빛수산,수산물 매입
2026-08-22 09:12,668810,0,32134290,카드정산사,카드 매출 정산 입금
2026-08-22 10:10,0,222100,31912190,망원시장 상회,식재료비
2026-08-22 10:11,0,194000,31718190,우리쌀도정,곡물 매입
2026-08-23 09:12,809670,0,32527860,카드정산사,카드 매출 정산 입금
2026-08-24 09:12,768300,0,33296160,카드정산사,카드 매출 정산 입금
2026-08-24 20:40,41000,0,33337160,자동입출금기,현금 매출 입금
2026-08-25 09:12,656310,0,33993470,카드정산사,카드 매출 정산 입금
2026-08-25 09:00,0,780000,33213470,한빛은행 대출상환,대출 원리금 상환
2026-08-25 09:00,0,370000,32843470,소상공인정책자금 상환,대출 원리금 상환
2026-08-27 09:12,438820,0,33282290,카드정산사,카드 매출 정산 입금
2026-08-27 20:40,144000,0,33426290,자동입출금기,현금 매출 입금
2026-08-28 09:12,474770,0,33901060,카드정산사,카드 매출 정산 입금
2026-08-29 09:12,610700,0,34511760,카드정산사,카드 매출 정산 입금
2026-08-30 09:12,659950,0,35171710,카드정산사,카드 매출 정산 입금
2026-08-30 20:40,338000,0,35509710,자동입출금기,현금 매출 입금
2026-08-31 09:12,838920,0,36348630,카드정산사,카드 매출 정산 입금
2026-08-31 21:00,126000,0,36474630,자동입출금기,현금 매출 입금
