주문일,플랫폼,주문건수,주문금액,수수료,취소금액,재주문건수,평균평점
2025-09-01,배달의민족,2,51700,6980,0,1,4.8
2025-09-02,배달의민족,4,86800,11720,0,2,4.9
2025-09-02,쿠팡이츠,1,31800,4290,0,0,4.7
2025-09-03,배달의민족,3,77800,10500,0,1,4.6
2025-09-03,쿠팡이츠,1,30800,4160,0,0,4.6
2025-09-04,배달의민족,4,105400,14230,0,2,4.6
2025-09-04,쿠팡이츠,2,53500,7220,0,1,4.8
2025-09-05,배달의민족,7,162800,21980,0,2,4.7
2025-09-05,쿠팡이츠,3,69200,9340,0,1,4.9
2025-09-06,배달의민족,4,95300,12870,3800,2,4.6
2025-09-06,쿠팡이츠,2,49000,6620,0,1,4.6
2025-09-07,배달의민족,3,74700,10080,0,1,4.7
2025-09-07,쿠팡이츠,1,28500,3850,0,0,4.9
2025-09-09,배달의민족,3,66900,9030,0,1,4.6
2025-09-09,쿠팡이츠,1,34200,4620,0,0,4.9
2025-09-10,배달의민족,3,73700,9950,0,1,4.6
2025-09-10,쿠팡이츠,1,35000,4730,0,0,4.8
2025-09-11,배달의민족,5,110500,14920,0,2,4.8
2025-09-11,쿠팡이츠,2,45300,6120,0,1,4.7
2025-09-12,배달의민족,5,128900,17400,0,2,4.6
2025-09-12,쿠팡이츠,3,60700,8190,0,1,4.6
2025-09-13,배달의민족,5,116400,15710,0,2,4.9
2025-09-13,쿠팡이츠,2,43400,5860,1700,1,4.6
2025-09-14,배달의민족,3,69000,9320,0,1,4.6
2025-09-14,쿠팡이츠,2,36500,4930,1500,1,4.8
2025-09-15,배달의민족,3,65000,8780,0,1,4.6
2025-09-15,쿠팡이츠,1,28900,3900,0,0,4.5
2025-09-16,배달의민족,5,118800,16040,0,2,4.6
2025-09-16,쿠팡이츠,2,44800,6050,0,1,4.5
2025-09-17,배달의민족,2,43100,5820,0,1,4.5
2025-09-17,쿠팡이츠,1,20800,2810,0,0,4.9
2025-09-18,배달의민족,3,72200,9750,0,1,4.5
2025-09-18,쿠팡이츠,1,24300,3280,0,0,4.7
2025-09-19,배달의민족,5,110100,14860,0,2,4.6
2025-09-19,쿠팡이츠,2,55100,7440,0,1,4.8
2025-09-20,배달의민족,4,86500,11680,0,1,4.6
2025-09-20,쿠팡이츠,1,32500,4390,0,0,4.6
2025-09-21,배달의민족,3,64600,8720,0,1,4.8
2025-09-21,쿠팡이츠,1,24600,3320,0,0,4.5
2025-09-23,배달의민족,4,95600,12910,0,2,4.7
2025-09-23,쿠팡이츠,2,36900,4980,0,1,4.7
2025-09-24,배달의민족,4,98100,13240,0,2,4.7
2025-09-24,쿠팡이츠,1,30900,4170,0,0,4.7
2025-09-25,배달의민족,4,101700,13730,0,2,4.8
2025-09-25,쿠팡이츠,2,44000,5940,0,1,4.6
2025-09-26,배달의민족,5,130200,17580,0,2,4.8
2025-09-26,쿠팡이츠,2,56100,7570,0,1,4.6
2025-09-27,배달의민족,5,123600,16690,0,2,4.8
2025-09-27,쿠팡이츠,2,41800,5640,0,1,4.8
2025-09-28,배달의민족,3,76100,10270,3000,1,4.6
2025-09-28,쿠팡이츠,1,31200,4210,1200,0,4.8
2025-09-29,배달의민족,2,55900,7550,0,1,4.7
2025-09-29,쿠팡이츠,1,22200,3000,0,0,4.6
2025-09-30,배달의민족,3,74900,10110,3000,1,4.7
2025-09-30,쿠팡이츠,2,36400,4910,0,1,4.5
2025-10-01,배달의민족,4,84400,11390,0,2,4.6
2025-10-01,쿠팡이츠,1,33900,4580,0,0,4.5
2025-10-02,배달의민족,3,76100,10270,0,1,4.8
2025-10-02,쿠팡이츠,1,35300,4770,0,0,4.9
2025-10-03,배달의민족,5,108600,14660,0,2,4.8
2025-10-03,쿠팡이츠,3,63000,8510,0,1,4.7
2025-10-04,배달의민족,4,105100,14190,0,1,4.5
2025-10-04,쿠팡이츠,2,36600,4940,0,1,4.8
2025-10-05,배달의민족,3,70700,9540,0,1,4.6
2025-10-05,쿠팡이츠,2,38800,5240,1600,1,4.7
2025-10-06,배달의민족,4,91900,12410,0,2,4.7
2025-10-06,쿠팡이츠,2,39200,5290,0,1,4.6
2025-10-07,배달의민족,3,71400,9640,0,1,4.7
2025-10-07,쿠팡이츠,1,26900,3630,0,0,4.6
2025-10-08,배달의민족,4,97100,13110,0,1,4.8
2025-10-08,쿠팡이츠,2,49800,6720,0,1,4.8
2025-10-09,배달의민족,3,79600,10750,0,1,4.7
2025-10-09,쿠팡이츠,2,39100,5280,0,1,4.6
2025-10-10,배달의민족,5,121200,16360,0,2,4.8
2025-10-10,쿠팡이츠,2,52500,7090,0,1,4.5
2025-10-11,배달의민족,5,114300,15430,0,2,4.6
2025-10-11,쿠팡이츠,2,52000,7020,0,1,4.6
2025-10-12,배달의민족,3,78000,10530,0,1,4.8
2025-10-12,쿠팡이츠,1,31900,4310,0,0,4.8
2025-10-14,배달의민족,3,65800,8880,0,1,4.6
2025-10-14,쿠팡이츠,1,23700,3200,0,0,4.8
2025-10-15,배달의민족,5,110900,14970,0,2,4.9
2025-10-15,쿠팡이츠,2,42700,5760,0,1,4.8
2025-10-16,배달의민족,3,82100,11080,0,1,4.8
2025-10-16,쿠팡이츠,1,33100,4470,0,0,4.7
2025-10-17,배달의민족,6,152500,20590,0,2,4.7
2025-10-17,쿠팡이츠,2,50800,6860,0,1,4.6
2025-10-18,배달의민족,3,82700,11160,0,1,4.7
2025-10-18,쿠팡이츠,1,34400,4640,0,0,4.8
2025-10-19,배달의민족,5,110200,14880,0,2,4.9
2025-10-19,쿠팡이츠,2,50500,6820,0,1,4.6
2025-10-20,배달의민족,3,70400,9500,0,1,4.7
2025-10-20,쿠팡이츠,1,29800,4020,0,0,4.8
2025-10-21,배달의민족,3,67900,9170,0,1,4.5
2025-10-21,쿠팡이츠,1,27100,3660,0,0,4.8
2025-10-22,배달의민족,4,87800,11850,0,1,4.7
2025-10-22,쿠팡이츠,2,42500,5740,1700,1,4.9
2025-10-23,배달의민족,5,111500,15050,0,2,4.5
2025-10-23,쿠팡이츠,2,47100,6360,0,1,4.5
2025-10-24,배달의민족,5,111800,15090,4500,2,4.8
2025-10-24,쿠팡이츠,2,38700,5220,0,1,4.6
2025-10-25,배달의민족,3,82500,11140,0,1,4.7
2025-10-25,쿠팡이츠,1,33300,4500,0,0,4.7
2025-10-26,배달의민족,3,75000,10130,0,1,4.5
2025-10-26,쿠팡이츠,2,37200,5020,0,1,4.8
2025-10-28,배달의민족,3,82400,11120,3300,1,4.8
2025-10-28,쿠팡이츠,2,38000,5130,0,1,4.5
2025-10-29,배달의민족,4,91800,12390,0,2,4.5
2025-10-29,쿠팡이츠,1,27700,3740,0,0,4.7
2025-10-30,배달의민족,5,113400,15310,0,2,4.7
2025-10-30,쿠팡이츠,2,50100,6760,2000,1,4.5
2025-10-31,배달의민족,5,112200,15150,0,2,4.6
2025-10-31,쿠팡이츠,2,38000,5130,0,1,4.6
2025-11-01,배달의민족,5,131200,17710,0,2,4.8
2025-11-01,쿠팡이츠,2,41200,5560,0,1,4.7
2025-11-02,배달의민족,3,64200,8670,0,1,4.6
2025-11-02,쿠팡이츠,1,24300,3280,0,0,4.7
2025-11-03,배달의민족,3,79100,10680,0,1,4.9
2025-11-03,쿠팡이츠,2,44100,5950,1800,1,4.9
2025-11-04,배달의민족,3,80000,10800,0,1,4.8
2025-11-04,쿠팡이츠,1,33300,4500,0,0,4.7
2025-11-05,배달의민족,3,73300,9900,0,1,4.8
2025-11-05,쿠팡이츠,2,39100,5280,0,1,4.6
2025-11-06,배달의민족,4,103400,13960,0,1,4.6
2025-11-06,쿠팡이츠,2,55300,7470,0,1,4.7
2025-11-07,배달의민족,6,142700,19260,5700,2,4.7
2025-11-07,쿠팡이츠,3,65800,8880,2600,1,4.8
2025-11-08,배달의민족,3,80000,10800,0,1,4.5
2025-11-08,쿠팡이츠,1,31300,4230,0,0,4.6
2025-11-09,배달의민족,3,64900,8760,0,1,4.6
2025-11-09,쿠팡이츠,1,25300,3420,0,0,4.7
2025-11-11,배달의민족,4,85200,11500,0,1,4.8
2025-11-11,쿠팡이츠,1,35400,4780,0,0,4.6
2025-11-12,배달의민족,3,82300,11110,0,1,4.8
2025-11-12,쿠팡이츠,1,29200,3940,0,0,4.8
2025-11-13,배달의민족,5,117000,15800,0,2,4.8
2025-11-13,쿠팡이츠,2,46800,6320,0,1,4.6
2025-11-14,배달의민족,5,120200,16230,0,2,4.6
2025-11-14,쿠팡이츠,2,46500,6280,0,1,4.9
2025-11-15,배달의민족,3,83200,11230,0,1,4.5
2025-11-15,쿠팡이츠,2,39900,5390,0,1,4.5
2025-11-16,배달의민족,3,72900,9840,0,1,4.7
2025-11-16,쿠팡이츠,1,26700,3600,0,0,4.6
2025-11-17,배달의민족,3,75100,10140,0,1,4.7
2025-11-17,쿠팡이츠,1,33700,4550,0,0,4.9
2025-11-18,배달의민족,3,73400,9910,0,1,4.6
2025-11-18,쿠팡이츠,1,29700,4010,0,0,4.9
2025-11-19,배달의민족,3,68200,9210,0,1,4.6
2025-11-19,쿠팡이츠,1,33100,4470,0,0,4.6
2025-11-20,배달의민족,5,114400,15440,0,2,4.8
2025-11-20,쿠팡이츠,2,48700,6570,0,1,4.8
2025-11-21,배달의민족,5,109700,14810,0,2,4.8
2025-11-21,쿠팡이츠,2,42000,5670,0,1,4.9
2025-11-22,배달의민족,4,101900,13760,0,2,4.7
2025-11-22,쿠팡이츠,2,38900,5250,0,1,4.8
2025-11-23,배달의민족,4,96000,12960,0,1,4.8
2025-11-23,쿠팡이츠,2,49100,6630,0,1,4.7
2025-11-25,배달의민족,4,91200,12310,0,1,4.6
2025-11-25,쿠팡이츠,1,30800,4160,0,0,4.8
2025-11-26,배달의민족,4,100500,13570,0,2,4.7
2025-11-26,쿠팡이츠,2,43500,5870,0,1,4.5
2025-11-27,배달의민족,4,101600,13720,0,2,4.8
2025-11-27,쿠팡이츠,2,46500,6280,1900,1,4.5
2025-11-28,배달의민족,4,98700,13320,0,1,4.8
2025-11-28,쿠팡이츠,2,51200,6910,0,1,4.7
2025-11-29,배달의민족,4,102200,13800,0,1,4.7
2025-11-29,쿠팡이츠,2,48300,6520,0,1,4.8
2025-11-30,배달의민족,3,83900,11330,0,1,4.6
2025-11-30,쿠팡이츠,2,43200,5830,0,1,4.7
2025-12-01,배달의민족,4,88200,11910,0,1,4.6
2025-12-01,쿠팡이츠,1,34700,4680,0,0,4.8
2025-12-02,배달의민족,4,101700,13730,0,1,4.7
2025-12-02,쿠팡이츠,2,41100,5550,0,1,4.8
2025-12-03,배달의민족,4,87800,11850,0,2,4.8
2025-12-03,쿠팡이츠,2,45700,6170,0,1,4.6
2025-12-04,배달의민족,4,99500,13430,0,2,4.7
2025-12-04,쿠팡이츠,1,35800,4830,0,0,4.7
2025-12-05,배달의민족,5,120200,16230,4800,2,4.6
2025-12-05,쿠팡이츠,2,58100,7840,0,1,4.5
2025-12-06,배달의민족,5,114100,15400,0,2,4.8
2025-12-06,쿠팡이츠,1,34600,4670,1400,0,4.9
2025-12-07,배달의민족,3,64400,8690,0,1,4.8
2025-12-07,쿠팡이츠,1,23500,3170,0,0,4.6
2025-12-09,배달의민족,3,77000,10400,0,1,4.5
2025-12-09,쿠팡이츠,1,30700,4140,0,0,4.8
2025-12-10,배달의민족,4,105900,14300,4200,1,4.6
2025-12-10,쿠팡이츠,2,36200,4890,0,1,4.8
2025-12-11,배달의민족,3,79400,10720,0,1,4.9
2025-12-11,쿠팡이츠,2,43700,5900,0,1,4.8
2025-12-12,배달의민족,5,112200,15150,0,2,4.8
2025-12-12,쿠팡이츠,2,56100,7570,0,1,4.6
2025-12-13,배달의민족,4,105400,14230,0,2,4.6
2025-12-13,쿠팡이츠,2,41000,5540,0,1,4.5
2025-12-14,배달의민족,4,91500,12350,0,1,4.7
2025-12-14,쿠팡이츠,2,36800,4970,0,1,4.5
2025-12-15,배달의민족,3,72200,9750,0,1,4.5
2025-12-15,쿠팡이츠,1,30700,4140,0,0,4.7
2025-12-16,배달의민족,3,65700,8870,0,1,4.7
2025-12-16,쿠팡이츠,1,28800,3890,0,0,4.9
2025-12-17,배달의민족,3,60600,8180,0,1,4.5
2025-12-17,쿠팡이츠,1,26700,3600,0,0,4.9
2025-12-18,배달의민족,5,115400,15580,0,2,4.6
2025-12-18,쿠팡이츠,2,43600,5890,0,1,4.8
2025-12-19,배달의민족,4,104200,14070,0,2,4.8
2025-12-19,쿠팡이츠,2,44800,6050,0,1,4.8
2025-12-20,배달의민족,4,102800,13880,0,2,4.9
2025-12-20,쿠팡이츠,3,61300,8280,0,1,4.6
2025-12-21,배달의민족,3,80700,10890,0,1,4.6
2025-12-21,쿠팡이츠,2,38000,5130,0,1,4.7
2025-12-23,배달의민족,4,85300,11520,0,1,4.7
2025-12-23,쿠팡이츠,2,46900,6330,0,1,4.8
2025-12-24,배달의민족,3,76200,10290,0,1,4.6
2025-12-24,쿠팡이츠,1,27400,3700,0,0,4.8
2025-12-25,배달의민족,4,98400,13280,0,2,4.9
2025-12-25,쿠팡이츠,2,36400,4910,0,1,4.8
2025-12-26,배달의민족,5,123500,16670,4900,2,4.6
2025-12-26,쿠팡이츠,3,63400,8560,0,1,4.8
2025-12-27,배달의민족,4,99200,13390,0,2,4.5
2025-12-27,쿠팡이츠,2,46200,6240,0,1,4.9
2025-12-28,배달의민족,3,69200,9340,0,1,4.9
2025-12-28,쿠팡이츠,2,38400,5180,0,1,4.6
2025-12-29,배달의민족,3,65500,8840,0,1,4.5
2025-12-29,쿠팡이츠,1,28600,3860,0,0,4.9
2025-12-30,배달의민족,4,106700,14400,0,2,4.9
2025-12-30,쿠팡이츠,2,38800,5240,1600,1,4.6
2025-12-31,배달의민족,4,101700,13730,0,1,4.7
2025-12-31,쿠팡이츠,2,48400,6530,0,1,4.6
2026-01-01,배달의민족,3,66300,8950,0,1,4.6
2026-01-01,쿠팡이츠,1,26200,3540,0,0,4.5
2026-01-02,배달의민족,5,112500,15190,0,2,4.6
2026-01-02,쿠팡이츠,2,40200,5430,0,1,4.6
2026-01-03,배달의민족,4,91100,12300,0,1,4.9
2026-01-03,쿠팡이츠,2,38900,5250,0,1,4.9
2026-01-04,배달의민족,3,67900,9170,0,1,4.9
2026-01-04,쿠팡이츠,1,34300,4630,0,0,4.5
2026-01-05,배달의민족,4,89500,12080,0,2,4.7
2026-01-05,쿠팡이츠,2,41700,5630,0,1,4.6
2026-01-06,배달의민족,3,77100,10410,0,1,4.6
2026-01-06,쿠팡이츠,1,35400,4780,0,0,4.6
2026-01-07,배달의민족,3,82300,11110,0,1,4.9
2026-01-07,쿠팡이츠,2,37800,5100,0,1,4.8
2026-01-08,배달의민족,4,88100,11890,0,1,4.8
2026-01-08,쿠팡이츠,1,34800,4700,1400,0,4.6
2026-01-09,배달의민족,5,131700,17780,0,2,4.6
2026-01-09,쿠팡이츠,2,47800,6450,0,1,4.5
2026-01-10,배달의민족,6,145900,19700,0,2,4.8
2026-01-10,쿠팡이츠,2,46900,6330,1900,1,4.8
2026-01-11,배달의민족,3,70000,9450,0,1,4.8
2026-01-11,쿠팡이츠,2,36700,4950,0,1,4.9
2026-01-13,배달의민족,3,71200,9610,0,1,4.7
2026-01-13,쿠팡이츠,2,36600,4940,0,1,4.6
2026-01-14,배달의민족,4,105500,14240,4200,1,4.7
2026-01-14,쿠팡이츠,1,34600,4670,0,0,4.7
2026-01-15,배달의민족,4,92800,12530,0,1,4.8
2026-01-15,쿠팡이츠,2,53900,7280,0,1,4.9
2026-01-16,배달의민족,3,75100,10140,0,1,4.7
2026-01-16,쿠팡이츠,1,30700,4140,0,0,4.6
2026-01-17,배달의민족,4,101300,13680,0,1,4.9
2026-01-17,쿠팡이츠,2,40800,5510,0,1,4.8
2026-01-18,배달의민족,4,85900,11600,0,1,4.9
2026-01-18,쿠팡이츠,2,42600,5750,0,1,4.9
2026-01-19,배달의민족,3,60700,8190,0,1,4.9
2026-01-19,쿠팡이츠,1,21500,2900,900,0,4.6
2026-01-20,배달의민족,4,96100,12970,0,1,4.9
2026-01-20,쿠팡이츠,2,48400,6530,0,1,4.6
2026-01-21,배달의민족,3,81800,11040,0,1,4.8
2026-01-21,쿠팡이츠,2,37600,5080,1500,1,4.8
2026-01-22,배달의민족,5,114500,15460,0,2,4.7
2026-01-22,쿠팡이츠,2,48500,6550,0,1,4.8
2026-01-23,배달의민족,6,137200,18520,0,3,4.5
2026-01-23,쿠팡이츠,3,63800,8610,2600,1,4.8
2026-01-24,배달의민족,4,88500,11950,0,2,4.9
2026-01-24,쿠팡이츠,2,42000,5670,1700,1,4.6
2026-01-25,배달의민족,3,76200,10290,0,1,4.7
2026-01-25,쿠팡이츠,1,32600,4400,0,0,4.9
2026-01-27,배달의민족,3,68800,9290,0,1,4.6
2026-01-27,쿠팡이츠,1,25000,3380,1000,0,4.5
2026-01-28,배달의민족,5,120800,16310,0,2,4.9
2026-01-28,쿠팡이츠,2,51600,6970,0,1,4.8
2026-01-29,배달의민족,4,107800,14550,0,1,4.8
2026-01-29,쿠팡이츠,2,48900,6600,0,1,4.9
2026-01-30,배달의민족,4,95400,12880,0,2,4.9
2026-01-30,쿠팡이츠,2,42500,5740,0,1,4.7
2026-01-31,배달의민족,5,111200,15010,0,2,4.7
2026-01-31,쿠팡이츠,3,62600,8450,0,1,4.7
2026-02-01,배달의민족,4,90400,12200,0,1,4.9
2026-02-01,쿠팡이츠,1,31900,4310,0,0,4.6
2026-02-02,배달의민족,3,64100,8650,0,1,4.7
2026-02-02,쿠팡이츠,1,33500,4520,0,0,4.6
2026-02-03,배달의민족,3,70000,9450,0,1,4.5
2026-02-03,쿠팡이츠,2,36800,4970,0,1,4.6
2026-02-04,배달의민족,4,99400,13420,4000,1,4.9
2026-02-04,쿠팡이츠,2,46200,6240,0,1,4.9
2026-02-05,배달의민족,3,83800,11310,0,1,4.7
2026-02-05,쿠팡이츠,2,46000,6210,0,1,4.6
2026-02-06,배달의민족,5,110600,14930,0,2,4.8
2026-02-06,쿠팡이츠,2,54900,7410,0,1,4.6
2026-02-07,배달의민족,5,115200,15550,0,2,4.8
2026-02-07,쿠팡이츠,3,63700,8600,2500,1,4.6
2026-02-08,배달의민족,2,58400,7880,0,1,4.6
2026-02-08,쿠팡이츠,1,27000,3650,0,0,4.6
2026-02-10,배달의민족,3,75800,10230,0,1,4.6
2026-02-10,쿠팡이츠,1,31300,4230,1300,0,4.7
2026-02-11,배달의민족,4,95200,12850,0,1,4.5
2026-02-11,쿠팡이츠,2,43400,5860,0,1,4.6
2026-02-12,배달의민족,4,94500,12760,0,2,4.9
2026-02-12,쿠팡이츠,2,36300,4900,0,1,4.5
2026-02-13,배달의민족,5,111100,15000,0,2,4.7
2026-02-13,쿠팡이츠,2,48800,6590,0,1,4.7
2026-02-14,배달의민족,5,112100,15130,0,2,4.7
2026-02-14,쿠팡이츠,2,47700,6440,0,1,4.9
2026-02-15,배달의민족,4,103500,13970,0,1,4.6
2026-02-15,쿠팡이츠,2,38500,5200,0,1,4.9
2026-02-16,배달의민족,3,73400,9910,0,1,4.8
2026-02-16,쿠팡이츠,2,41300,5580,0,1,4.5
2026-02-17,배달의민족,3,78100,10540,0,1,4.9
2026-02-17,쿠팡이츠,1,30800,4160,0,0,4.5
2026-02-18,배달의민족,4,95400,12880,3800,2,4.5
2026-02-18,쿠팡이츠,2,41600,5620,0,1,4.8
2026-02-19,배달의민족,4,103400,13960,0,2,4.6
2026-02-19,쿠팡이츠,2,38400,5180,0,1,4.6
2026-02-20,배달의민족,4,99200,13390,0,2,4.8
2026-02-20,쿠팡이츠,2,39900,5390,1600,1,4.8
2026-02-21,배달의민족,4,95300,12870,0,2,4.9
2026-02-21,쿠팡이츠,2,50300,6790,0,1,4.9
2026-02-22,배달의민족,4,93600,12640,0,2,4.8
2026-02-22,쿠팡이츠,2,38200,5160,0,1,4.8
2026-02-24,배달의민족,4,93500,12620,0,1,4.7
2026-02-24,쿠팡이츠,2,38500,5200,0,1,4.8
2026-02-25,배달의민족,4,88100,11890,0,2,4.8
2026-02-25,쿠팡이츠,2,47600,6430,0,1,4.7
2026-02-26,배달의민족,4,94400,12740,0,2,4.8
2026-02-26,쿠팡이츠,2,50400,6800,2000,1,4.8
2026-02-27,배달의민족,6,133500,18020,0,2,4.6
2026-02-27,쿠팡이츠,3,73600,9940,0,1,4.8
2026-02-28,배달의민족,4,99800,13470,0,2,4.8
2026-02-28,쿠팡이츠,2,50200,6780,0,1,4.7
2026-03-01,배달의민족,3,80700,10890,0,1,4.8
2026-03-01,쿠팡이츠,1,35200,4750,0,0,4.8
2026-03-02,배달의민족,3,81000,10940,0,1,4.8
2026-03-02,쿠팡이츠,1,31200,4210,0,0,4.6
2026-03-03,배달의민족,3,74700,10080,0,1,4.7
2026-03-03,쿠팡이츠,1,33600,4540,0,0,4.8
2026-03-04,배달의민족,4,98500,13300,0,1,4.6
2026-03-04,쿠팡이츠,2,41200,5560,0,1,4.7
2026-03-05,배달의민족,3,82000,11070,0,1,4.7
2026-03-05,쿠팡이츠,2,41600,5620,0,1,4.6
2026-03-06,배달의민족,6,143900,19430,0,2,4.7
2026-03-06,쿠팡이츠,2,57300,7740,0,1,4.6
2026-03-07,배달의민족,6,141600,19120,0,2,4.9
2026-03-07,쿠팡이츠,3,75100,10140,0,1,4.7
2026-03-08,배달의민족,3,76800,10370,0,1,4.5
2026-03-08,쿠팡이츠,2,42800,5780,0,1,4.6
2026-03-10,배달의민족,5,125300,16920,0,2,4.9
2026-03-10,쿠팡이츠,2,50600,6830,0,1,4.7
2026-03-11,배달의민족,5,110200,14880,0,2,4.6
2026-03-11,쿠팡이츠,2,38200,5160,1500,1,4.5
2026-03-12,배달의민족,3,70800,9560,0,1,4.7
2026-03-12,쿠팡이츠,1,31700,4280,0,0,4.8
2026-03-13,배달의민족,5,113400,15310,0,2,4.9
2026-03-13,쿠팡이츠,2,50500,6820,0,1,4.6
2026-03-14,배달의민족,5,114200,15420,0,2,4.8
2026-03-14,쿠팡이츠,2,38500,5200,0,1,4.5
2026-03-15,배달의민족,3,80400,10850,0,1,4.7
2026-03-15,쿠팡이츠,2,39200,5290,0,1,4.7
2026-03-16,배달의민족,3,80500,10870,0,1,4.9
2026-03-16,쿠팡이츠,2,37800,5100,0,1,4.5
2026-03-17,배달의민족,3,62900,8490,0,1,4.7
2026-03-17,쿠팡이츠,1,25000,3380,0,0,4.5
2026-03-18,배달의민족,4,88800,11990,0,1,4.6
2026-03-18,쿠팡이츠,2,38500,5200,1500,1,4.6
2026-03-19,배달의민족,4,106100,14320,0,1,4.7
2026-03-19,쿠팡이츠,2,45500,6140,0,1,4.5
2026-03-20,배달의민족,5,118900,16050,0,2,4.7
2026-03-20,쿠팡이츠,2,52400,7070,0,1,4.6
2026-03-21,배달의민족,4,98000,13230,0,1,4.8
2026-03-21,쿠팡이츠,2,36400,4910,1500,1,4.9
2026-03-22,배달의민족,2,50600,6830,0,1,4.6
2026-03-22,쿠팡이츠,1,22500,3040,0,0,4.7
2026-03-24,배달의민족,4,93300,12600,0,2,4.8
2026-03-24,쿠팡이츠,2,52900,7140,0,1,4.8
2026-03-25,배달의민족,3,67800,9150,0,1,4.5
2026-03-25,쿠팡이츠,1,30500,4120,0,0,4.5
2026-03-26,배달의민족,4,94600,12770,0,1,4.7
2026-03-26,쿠팡이츠,1,33400,4510,0,0,4.6
2026-03-27,배달의민족,4,91900,12410,3700,1,4.6
2026-03-27,쿠팡이츠,2,46300,6250,0,1,4.8
2026-03-28,배달의민족,5,112200,15150,0,2,4.8
2026-03-28,쿠팡이츠,2,43400,5860,0,1,4.8
2026-03-29,배달의민족,3,73900,9980,0,1,4.7
2026-03-29,쿠팡이츠,1,29900,4040,0,0,4.6
2026-03-30,배달의민족,3,62000,8370,0,1,4.7
2026-03-30,쿠팡이츠,1,34000,4590,0,0,4.6
2026-03-31,배달의민족,4,101400,13690,4100,1,4.7
2026-03-31,쿠팡이츠,2,51900,7010,0,1,4.6
2026-04-01,배달의민족,4,96800,13070,0,2,4.7
2026-04-01,쿠팡이츠,1,33500,4520,0,0,4.9
2026-04-02,배달의민족,4,95600,12910,0,2,4.8
2026-04-02,쿠팡이츠,2,38500,5200,0,1,4.5
2026-04-03,배달의민족,6,138400,18680,0,3,4.6
2026-04-03,쿠팡이츠,2,57200,7720,0,1,4.7
2026-04-04,배달의민족,5,114000,15390,0,2,4.6
2026-04-04,쿠팡이츠,2,37900,5120,0,1,4.9
2026-04-05,배달의민족,4,88800,11990,3600,2,4.5
2026-04-05,쿠팡이츠,1,28800,3890,0,0,4.6
2026-04-06,배달의민족,4,90300,12190,0,2,4.8
2026-04-06,쿠팡이츠,2,45500,6140,0,1,4.9
2026-04-07,배달의민족,4,95400,12880,0,2,4.6
2026-04-07,쿠팡이츠,1,29900,4040,0,0,4.8
2026-04-08,배달의민족,4,88000,11880,3500,2,4.8
2026-04-08,쿠팡이츠,1,33800,4560,0,0,4.5
2026-04-09,배달의민족,4,100500,13570,0,1,4.8
2026-04-09,쿠팡이츠,2,39700,5360,0,1,4.8
2026-04-10,배달의민족,5,126600,17090,0,2,4.7
2026-04-10,쿠팡이츠,2,59400,8020,0,1,4.6
2026-04-11,배달의민족,5,127700,17240,0,2,4.7
2026-04-11,쿠팡이츠,3,60800,8210,2400,1,4.6
2026-04-12,배달의민족,4,87700,11840,0,1,4.7
2026-04-12,쿠팡이츠,2,38400,5180,0,1,4.7
2026-04-14,배달의민족,4,89900,12140,0,1,4.6
2026-04-14,쿠팡이츠,2,37500,5060,1500,1,4.7
2026-04-15,배달의민족,4,91500,12350,0,1,4.7
2026-04-15,쿠팡이츠,2,40200,5430,0,1,4.7
2026-04-16,배달의민족,5,110500,14920,4400,2,4.5
2026-04-16,쿠팡이츠,2,49800,6720,0,1,4.6
2026-04-17,배달의민족,4,102500,13840,0,2,4.7
2026-04-17,쿠팡이츠,2,40700,5490,0,1,4.6
2026-04-18,배달의민족,5,119700,16160,0,2,4.6
2026-04-18,쿠팡이츠,2,57100,7710,0,1,4.6
2026-04-19,배달의민족,4,85200,11500,0,1,4.9
2026-04-19,쿠팡이츠,1,30100,4060,0,0,4.6
2026-04-20,배달의민족,3,66000,8910,0,1,4.5
2026-04-20,쿠팡이츠,1,27000,3650,0,0,4.9
2026-04-21,배달의민족,3,69500,9380,0,1,4.6
2026-04-21,쿠팡이츠,1,28500,3850,0,0,4.8
2026-04-22,배달의민족,4,90400,12200,0,1,4.6
2026-04-22,쿠팡이츠,2,41700,5630,0,1,4.6
2026-04-23,배달의민족,4,91600,12370,0,2,4.5
2026-04-23,쿠팡이츠,1,31800,4290,0,0,4.8
2026-04-24,배달의민족,7,173600,23440,0,2,4.6
2026-04-24,쿠팡이츠,4,84700,11430,0,1,4.8
2026-04-25,배달의민족,3,79500,10730,0,1,4.8
2026-04-25,쿠팡이츠,2,40400,5450,0,1,4.9
2026-04-26,배달의민족,3,77000,10400,0,1,4.5
2026-04-26,쿠팡이츠,1,27500,3710,0,0,4.6
2026-04-28,배달의민족,4,97700,13190,0,2,4.8
2026-04-28,쿠팡이츠,2,46600,6290,0,1,4.8
2026-04-29,배달의민족,4,97800,13200,0,2,4.6
2026-04-29,쿠팡이츠,2,40600,5480,0,1,4.6
2026-04-30,배달의민족,3,73200,9880,0,1,4.7
2026-04-30,쿠팡이츠,1,29300,3960,0,0,4.8
2026-05-01,배달의민족,5,130300,17590,0,2,4.8
2026-05-01,쿠팡이츠,3,68900,9300,0,1,4.5
2026-05-02,배달의민족,4,84900,11460,0,1,4.6
2026-05-02,쿠팡이츠,2,36800,4970,0,1,4.6
2026-05-03,배달의민족,4,96200,12990,0,2,4.5
2026-05-03,쿠팡이츠,1,35900,4850,0,0,4.7
2026-05-04,배달의민족,3,74000,9990,0,1,4.6
2026-05-04,쿠팡이츠,1,33700,4550,0,0,4.9
2026-05-05,배달의민족,4,99300,13410,0,2,4.7
2026-05-05,쿠팡이츠,2,48400,6530,0,1,4.7
2026-05-06,배달의민족,4,90700,12240,0,2,4.8
2026-05-06,쿠팡이츠,2,37300,5040,1500,1,4.8
2026-05-07,배달의민족,5,110000,14850,0,2,4.5
2026-05-07,쿠팡이츠,2,49300,6660,0,1,4.6
2026-05-08,배달의민족,5,116500,15730,0,2,4.6
2026-05-08,쿠팡이츠,2,49200,6640,0,1,4.6
2026-05-09,배달의민족,5,121600,16420,0,2,4.9
2026-05-09,쿠팡이츠,3,63500,8570,0,1,4.5
2026-05-10,배달의민족,4,106900,14430,0,1,4.7
2026-05-10,쿠팡이츠,2,42800,5780,0,1,4.7
2026-05-12,배달의민족,4,84600,11420,0,2,4.6
2026-05-12,쿠팡이츠,2,45100,6090,0,1,4.8
2026-05-13,배달의민족,3,74000,9990,0,1,4.7
2026-05-13,쿠팡이츠,1,27400,3700,0,0,4.6
2026-05-14,배달의민족,4,88300,11920,0,1,4.7
2026-05-14,쿠팡이츠,1,30900,4170,0,0,4.5
2026-05-15,배달의민족,5,126200,17040,0,2,4.7
2026-05-15,쿠팡이츠,2,47000,6350,0,1,4.6
2026-05-16,배달의민족,4,100300,13540,0,1,4.6
2026-05-16,쿠팡이츠,2,59300,8010,0,1,4.5
2026-05-17,배달의민족,4,87200,11770,0,1,4.8
2026-05-17,쿠팡이츠,2,44000,5940,1800,1,4.7
2026-05-18,배달의민족,4,87300,11790,0,2,4.5
2026-05-18,쿠팡이츠,1,33600,4540,0,0,4.8
2026-05-19,배달의민족,3,65500,8840,0,1,4.7
2026-05-19,쿠팡이츠,2,36800,4970,0,1,4.6
2026-05-20,배달의민족,3,82500,11140,0,1,4.7
2026-05-20,쿠팡이츠,1,26000,3510,0,0,4.8
2026-05-21,배달의민족,5,110800,14960,0,2,4.7
2026-05-21,쿠팡이츠,1,35900,4850,1400,0,4.7
2026-05-22,배달의민족,5,129000,17420,0,2,4.9
2026-05-22,쿠팡이츠,3,62700,8460,2500,1,4.7
2026-05-23,배달의민족,6,137400,18550,0,3,4.7
2026-05-23,쿠팡이츠,2,55400,7480,0,1,4.9
2026-05-24,배달의민족,4,102100,13780,0,1,4.7
2026-05-24,쿠팡이츠,2,47900,6470,0,1,4.7
2026-05-26,배달의민족,4,87900,11870,3500,2,4.7
2026-05-26,쿠팡이츠,2,44700,6030,0,1,4.8
2026-05-27,배달의민족,4,92500,12490,0,2,4.6
2026-05-27,쿠팡이츠,2,50000,6750,0,1,4.7
2026-05-28,배달의민족,5,116700,15750,0,2,4.5
2026-05-28,쿠팡이츠,2,39900,5390,0,1,4.8
2026-05-29,배달의민족,6,143700,19400,0,2,4.7
2026-05-29,쿠팡이츠,3,76900,10380,0,1,4.6
2026-05-30,배달의민족,5,111600,15070,0,2,4.7
2026-05-30,쿠팡이츠,2,39900,5390,0,1,4.9
2026-05-31,배달의민족,5,115800,15630,0,2,4.7
2026-05-31,쿠팡이츠,2,52000,7020,0,1,4.7
2026-06-01,배달의민족,2,57000,7700,0,1,4.6
2026-06-01,쿠팡이츠,1,27600,3730,0,0,4.6
2026-06-02,배달의민족,3,80400,10850,0,1,4.6
2026-06-02,쿠팡이츠,1,32000,4320,0,0,4.6
2026-06-03,배달의민족,4,102700,13860,0,1,4.6
2026-06-03,쿠팡이츠,1,31400,4240,0,0,4.5
2026-06-04,배달의민족,4,85900,11600,0,2,4.7
2026-06-04,쿠팡이츠,2,42700,5760,0,1,4.7
2026-06-05,배달의민족,6,155100,20940,0,3,4.7
2026-06-05,쿠팡이츠,4,85000,11480,0,1,4.8
2026-06-06,배달의민족,5,128400,17330,5100,2,4.6
2026-06-06,쿠팡이츠,2,47600,6430,0,1,4.7
2026-06-07,배달의민족,3,82300,11110,0,1,4.5
2026-06-07,쿠팡이츠,2,40600,5480,0,1,4.7
2026-06-09,배달의민족,4,100300,13540,0,1,4.8
2026-06-09,쿠팡이츠,2,47300,6390,0,1,4.6
2026-06-10,배달의민족,4,102500,13840,0,1,4.7
2026-06-10,쿠팡이츠,2,36700,4950,0,1,4.6
2026-06-11,배달의민족,5,120000,16200,0,2,4.7
2026-06-11,쿠팡이츠,2,47700,6440,1900,1,4.5
2026-06-12,배달의민족,5,130800,17660,0,2,4.9
2026-06-12,쿠팡이츠,3,73300,9900,0,1,4.6
2026-06-13,배달의민족,5,111300,15030,0,2,4.8
2026-06-13,쿠팡이츠,2,49100,6630,0,1,4.7
2026-06-14,배달의민족,3,61700,8330,0,1,4.9
2026-06-14,쿠팡이츠,1,31200,4210,0,0,4.8
2026-06-15,배달의민족,4,97400,13150,0,1,4.7
2026-06-15,쿠팡이츠,1,32500,4390,0,0,4.6
2026-06-16,배달의민족,3,75500,10190,0,1,4.7
2026-06-16,쿠팡이츠,2,36400,4910,1500,1,4.5
2026-06-17,배달의민족,4,97800,13200,0,2,4.5
2026-06-17,쿠팡이츠,2,49600,6700,0,1,4.8
2026-06-18,배달의민족,5,127800,17250,0,2,4.9
2026-06-18,쿠팡이츠,3,62000,8370,0,1,4.8
2026-06-19,배달의민족,6,144800,19550,0,2,4.5
2026-06-19,쿠팡이츠,3,63800,8610,0,1,4.6
2026-06-20,배달의민족,5,123400,16660,0,2,4.7
2026-06-20,쿠팡이츠,3,67100,9060,0,1,4.6
2026-06-21,배달의민족,2,52900,7140,0,1,4.8
2026-06-23,배달의민족,4,104600,14120,0,1,4.6
2026-06-23,쿠팡이츠,2,39600,5350,0,1,4.6
2026-06-24,배달의민족,4,90800,12260,0,2,4.6
2026-06-24,쿠팡이츠,1,33500,4520,0,0,4.9
2026-06-25,배달의민족,3,77500,10460,0,1,4.8
2026-06-25,쿠팡이츠,1,31500,4250,0,0,4.6
2026-06-26,배달의민족,6,141400,19090,0,2,4.8
2026-06-26,쿠팡이츠,2,45500,6140,0,1,4.7
2026-06-27,배달의민족,5,114400,15440,0,2,4.7
2026-06-27,쿠팡이츠,2,55500,7490,0,1,4.8
2026-06-28,배달의민족,3,82600,11150,0,1,4.8
2026-06-28,쿠팡이츠,2,39900,5390,0,1,4.6
2026-06-29,배달의민족,4,85500,11540,0,2,4.7
2026-06-29,쿠팡이츠,2,42800,5780,0,1,4.8
2026-06-30,배달의민족,3,65900,8900,0,1,4.7
2026-06-30,쿠팡이츠,1,35800,4830,0,0,4.5
2026-07-01,배달의민족,3,73000,9860,0,1,4.8
2026-07-01,쿠팡이츠,2,36300,4900,0,1,4.6
2026-07-02,배달의민족,5,125500,16940,0,2,4.9
2026-07-02,쿠팡이츠,2,52100,7030,0,1,4.7
2026-07-03,배달의민족,6,142900,19290,0,2,4.7
2026-07-03,쿠팡이츠,2,47700,6440,0,1,4.9
2026-07-04,배달의민족,5,110800,14960,0,2,4.7
2026-07-04,쿠팡이츠,2,51200,6910,0,1,4.8
2026-07-05,배달의민족,4,88500,11950,0,1,4.9
2026-07-05,쿠팡이츠,2,37400,5050,0,1,4.5
2026-07-06,배달의민족,3,69400,9370,0,1,4.7
2026-07-06,쿠팡이츠,1,33100,4470,0,0,4.6
2026-07-07,배달의민족,4,104200,14070,0,1,4.6
2026-07-07,쿠팡이츠,2,50200,6780,0,1,4.6
2026-07-08,배달의민족,4,98500,13300,0,1,4.7
2026-07-08,쿠팡이츠,1,35700,4820,0,0,4.8
2026-07-09,배달의민족,4,105800,14280,0,1,4.6
2026-07-09,쿠팡이츠,2,49600,6700,0,1,4.7
2026-07-10,배달의민족,7,173300,23400,0,3,4.7
2026-07-10,쿠팡이츠,3,62900,8490,2500,1,4.8
2026-07-11,배달의민족,5,126100,17020,0,2,4.8
2026-07-11,쿠팡이츠,2,50900,6870,0,1,4.7
2026-07-12,배달의민족,4,85200,11500,0,1,4.8
2026-07-12,쿠팡이츠,2,44000,5940,0,1,4.9
2026-07-14,배달의민족,4,94800,12800,0,2,4.8
2026-07-14,쿠팡이츠,2,43900,5930,1800,1,4.7
2026-07-15,배달의민족,4,102000,13770,0,2,4.6
2026-07-15,쿠팡이츠,2,55400,7480,0,1,4.7
2026-07-16,배달의민족,4,105800,14280,0,2,4.9
2026-07-16,쿠팡이츠,2,46700,6300,0,1,4.7
2026-07-17,배달의민족,7,176000,23760,0,3,4.8
2026-07-17,쿠팡이츠,3,73500,9920,0,1,4.6
2026-07-18,배달의민족,5,128500,17350,0,2,4.9
2026-07-18,쿠팡이츠,2,49100,6630,0,1,4.6
2026-07-19,배달의민족,4,97200,13120,0,2,4.9
2026-07-19,쿠팡이츠,2,47300,6390,1900,1,4.9
2026-07-20,배달의민족,4,103800,14010,0,1,4.5
2026-07-20,쿠팡이츠,1,32200,4350,1300,0,4.6
2026-07-21,배달의민족,5,109500,14780,0,2,4.9
2026-07-21,쿠팡이츠,2,40800,5510,0,1,4.9
2026-07-22,배달의민족,4,91800,12390,0,1,4.8
2026-07-22,쿠팡이츠,2,46500,6280,0,1,4.7
2026-07-23,배달의민족,4,94500,12760,0,2,4.8
2026-07-23,쿠팡이츠,2,46900,6330,1900,1,4.7
2026-07-24,배달의민족,6,133000,17960,0,2,4.6
2026-07-24,쿠팡이츠,3,65300,8820,0,1,4.6
2026-07-25,배달의민족,5,108100,14590,0,2,4.6
2026-07-25,쿠팡이츠,2,37800,5100,0,1,4.6
2026-07-26,배달의민족,3,66600,8990,0,1,4.5
2026-07-26,쿠팡이츠,1,30300,4090,0,0,4.6
2026-07-28,배달의민족,4,84800,11450,0,1,4.6
2026-07-28,쿠팡이츠,1,33300,4500,0,0,4.8
2026-07-29,배달의민족,4,84200,11370,0,2,4.5
2026-07-29,쿠팡이츠,2,40400,5450,0,1,4.5
2026-07-30,배달의민족,4,97300,13140,3900,2,4.8
2026-07-30,쿠팡이츠,2,39900,5390,0,1,4.7
2026-07-31,배달의민족,5,121300,16380,0,2,4.8
2026-07-31,쿠팡이츠,2,57000,7700,0,1,4.8
2026-08-01,배달의민족,4,106700,14400,0,2,4.7
2026-08-01,쿠팡이츠,2,58300,7870,0,1,4.6
2026-08-02,배달의민족,4,93700,12650,0,2,4.6
2026-08-02,쿠팡이츠,2,43900,5930,0,1,4.6
2026-08-03,배달의민족,4,93500,12620,0,1,4.8
2026-08-03,쿠팡이츠,2,46900,6330,0,1,4.8
2026-08-04,배달의민족,4,98300,13270,0,1,4.7
2026-08-04,쿠팡이츠,2,38600,5210,0,1,4.7
2026-08-05,배달의민족,4,101100,13650,0,1,4.8
2026-08-05,쿠팡이츠,1,34500,4660,0,0,4.6
2026-08-06,배달의민족,5,114000,15390,0,2,4.6
2026-08-06,쿠팡이츠,2,57600,7780,0,1,4.9
2026-08-07,배달의민족,5,114000,15390,0,2,4.9
2026-08-07,쿠팡이츠,2,59600,8050,0,1,4.6
2026-08-08,배달의민족,5,111400,15040,0,2,4.5
2026-08-08,쿠팡이츠,2,43800,5910,0,1,4.9
2026-08-09,배달의민족,5,110500,14920,0,2,4.5
2026-08-09,쿠팡이츠,2,40400,5450,0,1,4.7
2026-08-11,배달의민족,4,97000,13100,3900,1,4.8
2026-08-11,쿠팡이츠,2,44500,6010,0,1,4.9
2026-08-12,배달의민족,4,106700,14400,0,2,4.8
2026-08-12,쿠팡이츠,2,47700,6440,0,1,4.6
2026-08-13,배달의민족,4,101600,13720,0,2,4.6
2026-08-13,쿠팡이츠,2,40000,5400,0,1,4.8
2026-08-14,배달의민족,6,149200,20140,0,3,4.6
2026-08-14,쿠팡이츠,3,77900,10520,0,1,4.6
2026-08-15,배달의민족,5,110000,14850,0,2,4.6
2026-08-15,쿠팡이츠,2,56800,7670,0,1,4.9
2026-08-16,배달의민족,3,81900,11060,0,1,4.7
2026-08-16,쿠팡이츠,1,30200,4080,0,0,4.7
2026-08-17,배달의민족,3,61400,8290,0,1,4.8
2026-08-17,쿠팡이츠,1,30100,4060,0,0,4.6
2026-08-18,배달의민족,3,76000,10260,0,1,4.7
2026-08-18,쿠팡이츠,2,42400,5720,0,1,4.6
2026-08-19,배달의민족,5,125900,17000,0,2,4.9
2026-08-19,쿠팡이츠,2,42700,5760,0,1,4.7
2026-08-20,배달의민족,5,109800,14820,0,2,4.8
2026-08-20,쿠팡이츠,2,56000,7560,0,1,4.9
2026-08-21,배달의민족,7,164500,22210,0,2,4.6
2026-08-21,쿠팡이츠,2,57000,7700,0,1,4.5
2026-08-22,배달의민족,5,124000,16740,0,2,4.8
2026-08-22,쿠팡이츠,2,56600,7640,0,1,4.9
2026-08-23,배달의민족,4,98900,13350,0,1,4.7
2026-08-23,쿠팡이츠,2,39600,5350,0,1,4.8
2026-08-25,배달의민족,3,82000,11070,0,1,4.6
2026-08-25,쿠팡이츠,2,39200,5290,0,1,4.6
2026-08-26,배달의민족,3,76200,10290,0,1,4.6
2026-08-26,쿠팡이츠,1,31900,4310,0,0,4.5
2026-08-27,배달의민족,4,96800,13070,0,1,4.9
2026-08-27,쿠팡이츠,2,51400,6940,0,1,4.6
2026-08-28,배달의민족,5,117700,15890,0,2,4.7
2026-08-28,쿠팡이츠,2,46600,6290,0,1,4.5
2026-08-29,배달의민족,6,154400,20840,0,2,4.7
2026-08-29,쿠팡이츠,3,81200,10960,0,1,4.9
2026-08-30,배달의민족,4,84800,11450,0,2,4.8
2026-08-30,쿠팡이츠,2,49500,6680,0,1,4.7
2026-08-31,배달의민족,4,87100,11760,0,1,4.5
2026-08-31,쿠팡이츠,1,31000,4190,0,0,4.9
